job_gpu,total_free,queue_length,running_jobs,max_free_node,variance_free,smaller_jobs_in_queue,demand_ratio,wait_time
2,24,0,2,4,3.0,0,0.08,0
1,25,0,1,4,2.359375,0,0.038461538461538464,0
7,32,0,0,4,0.0,0,0.21212121212121213,0
5,24,1,2,4,3.0,1,0.2,0
3,24,2,2,4,3.0,1,0.12,0
2,7,0,6,4,2.359375,0,0.25,0
7,14,0,5,4,3.4375,0,0.4666666666666667,0
5,1,0,8,1,0.109375,0,2.5,3
4,5,0,7,4,1.734375,0,0.6666666666666666,0
4,1,1,8,1,0.109375,0,2.0,2
2,1,3,7,1,0.109375,0,1.0,6
6,7,1,6,4,2.359375,1,0.75,2
3,7,3,6,3,1.359375,0,0.375,3
4,1,4,7,1,0.109375,2,2.0,10
5,2,1,7,2,0.4375,0,1.6666666666666667,10
4,2,13,7,1,0.1875,2,1.3333333333333333,1
8,2,2,7,2,0.4375,2,2.6666666666666665,10
2,9,12,7,4,1.859375,0,0.2,4
2,4,9,6,4,1.75,0,0.4,0
1,0,11,8,0,0.0,1,1.0,1
1,2,11,7,2,0.4375,0,0.3333333333333333,2
6,1,5,7,1,0.109375,4,3.0,21
2,1,17,9,1,0.109375,0,1.0,3
5,4,5,6,2,0.75,4,1.0,17
2,2,9,7,2,0.4375,0,0.6666666666666666,0
6,1,6,7,1,0.109375,5,3.0,25
2,2,20,9,1,0.1875,2,0.6666666666666666,4
2,1,19,9,1,0.109375,1,1.0,3
1,1,20,9,1,0.109375,0,0.5,0
5,4,7,6,4,1.75,2,1.0,22
2,2,19,9,1,0.1875,1,0.6666666666666666,1
5,1,7,7,1,0.109375,4,2.5,24
7,1,8,7,1,0.109375,7,3.5,28
7,0,7,7,0,0.0,7,7.0,32
2,2,18,8,2,0.4375,0,0.6666666666666666,0
1,2,20,8,2,0.4375,1,0.3333333333333333,0
3,0,12,9,0,0.0,1,3.0,23
6,1,9,7,1,0.109375,7,3.0,32
1,2,19,8,2,0.4375,0,0.3333333333333333,4
3,0,20,10,0,0.0,3,3.0,21
3,4,18,8,2,0.5,2,0.6,27
5,2,10,7,2,0.4375,4,1.6666666666666667,28
8,4,8,6,4,1.75,8,1.6,33
6,0,12,8,0,0.0,9,6.0,28
6,0,13,9,0,0.0,9,6.0,35
1,0,19,8,0,0.0,0,1.0,11
1,2,15,7,1,0.1875,0,0.3333333333333333,0
4,4,16,8,2,0.5,3,0.8,44
3,6,19,8,4,1.9375,4,0.42857142857142855,22
3,6,20,6,4,1.9375,2,0.42857142857142855,4
4,0,14,9,0,0.0,2,4.0,40
3,1,16,8,1,0.109375,0,1.5,2
7,9,13,7,4,1.859375,12,0.7,43
6,0,15,9,0,0.0,11,6.0,41
2,1,18,8,1,0.109375,0,1.0,5
4,4,17,8,2,0.5,4,0.8,49
3,7,20,7,4,1.859375,2,0.375,6
2,7,21,7,4,1.859375,1,0.25,7
8,1,20,9,1,0.109375,20,4.0,52
1,3,18,7,2,0.484375,0,0.25,0
2,3,16,8,2,0.484375,0,0.5,0
4,2,21,9,1,0.1875,9,1.3333333333333333,55
4,1,18,9,1,0.109375,6,2.0,50
5,8,20,8,4,2.0,10,0.5555555555555556,50
1,16,16,6,4,2.75,0,0.058823529411764705,0
2,0,14,10,0,0.0,0,2.0,6
2,0,13,9,0,0.0,1,2.0,3
2,16,17,6,4,2.75,1,0.11764705882352941,0
5,5,20,7,3,0.984375,10,0.8333333333333334,41
6,8,19,7,3,1.5,14,0.6666666666666666,52
2,3,11,8,2,0.484375,0,0.5,0
8,6,20,8,4,1.9375,20,1.1428571428571428,50
4,1,11,9,1,0.109375,0,2.0,1
3,1,11,8,1,0.109375,0,1.5,1
3,10,16,4,4,2.9375,0,0.2727272727272727,0
4,2,15,5,2,0.4375,0,1.3333333333333333,2
8,8,20,7,3,1.5,20,0.8888888888888888,57
2,5,15,5,4,1.734375,0,0.3333333333333333,0
7,8,19,7,3,1.5,15,0.7777777777777778,59
7,3,20,7,2,0.484375,16,1.75,57
1,0,14,6,0,0.0,0,1.0,1
2,5,16,5,4,1.734375,1,0.3333333333333333,0
8,0,18,7,0,0.0,18,8.0,60
7,8,15,6,4,1.5,11,0.7777777777777778,57
3,5,14,6,3,1.234375,0,0.5,0
4,4,14,6,2,0.5,0,0.8,0
7,2,16,7,1,0.1875,12,2.3333333333333335,58
7,0,19,7,0,0.0,15,7.0,63
6,1,17,8,1,0.109375,8,3.0,64
1,7,14,6,4,2.359375,0,0.125,4
2,7,15,6,4,2.359375,1,0.25,4
7,0,19,8,0,0.0,15,7.0,64
3,0,15,7,0,0.0,2,3.0,12
4,1,12,7,1,0.109375,1,2.0,6
2,1,14,7,1,0.109375,0,1.0,1
7,6,11,8,4,1.6875,9,1.0,43
6,1,19,8,1,0.109375,10,3.0,67
7,3,12,7,2,0.484375,10,1.75,46
4,0,15,8,0,0.0,2,4.0,14
6,2,12,7,2,0.4375,2,2.0,47
6,7,12,5,4,1.859375,3,0.75,48
7,0,12,6,0,0.0,11,7.0,50
6,2,13,5,2,0.4375,4,2.0,50
8,2,14,5,2,0.4375,14,2.6666666666666665,64
7,1,13,7,1,0.109375,11,3.5,34
5,0,14,8,0,0.0,2,5.0,31
8,3,15,5,2,0.484375,15,2.0,64
6,4,16,7,2,0.5,7,1.2,35
8,1,15,7,1,0.109375,15,4.0,48
7,3,16,7,3,0.984375,13,1.75,47
3,32,0,0,4,0.0,0,0.09090909090909091,0
4,20,1,3,4,3.0,1,0.19047619047619047,0
4,26,0,2,4,1.9375,0,0.14814814814814814,0
3,15,0,5,4,3.609375,0,0.1875,0
1,20,0,3,4,3.0,0,0.047619047619047616,0
4,12,0,6,4,3.75,0,0.3076923076923077,0
3,29,0,1,4,0.984375,0,0.1,0
7,7,2,7,3,1.109375,1,0.875,5
5,22,0,3,4,2.9375,0,0.21739130434782608,0
5,12,1,6,4,3.75,1,0.38461538461538464,0
1,1,6,8,1,0.109375,0,0.5,0
4,7,3,7,3,1.109375,0,0.5,9
6,7,1,7,3,1.109375,0,0.75,0
8,7,0,7,3,1.109375,0,1.0,11
3,1,4,8,1,0.109375,0,1.5,8
6,1,5,8,1,0.109375,3,3.0,13
6,1,3,8,1,0.109375,1,3.0,13
1,8,12,6,4,1.75,0,0.1111111111111111,0
2,2,9,6,2,0.4375,0,0.6666666666666666,0
6,1,6,7,1,0.109375,5,3.0,14
3,8,10,6,4,1.75,0,0.3333333333333333,3
1,9,7,4,4,1.609375,0,0.1,0
6,1,5,7,1,0.109375,4,3.0,11
8,11,6,5,4,1.984375,6,0.6666666666666666,24
4,1,11,8,1,0.109375,1,2.0,12
1,1,14,8,1,0.109375,0,0.5,0
6,9,7,4,3,1.609375,3,0.6,13
5,2,6,6,2,0.4375,0,1.6666666666666667,14
7,5,5,6,3,1.234375,4,1.1666666666666667,25
5,0,15,9,0,0.0,3,5.0,23
8,5,6,6,3,1.234375,6,1.3333333333333333,26
3,1,12,8,1,0.109375,1,1.5,21
7,11,7,4,4,2.234375,5,0.5833333333333334,33
8,2,7,6,2,0.4375,7,2.6666666666666665,32
1,2,19,5,2,0.4375,0,0.3333333333333333,0
4,0,15,9,0,0.0,2,4.0,25
7,2,8,6,2,0.4375,5,2.3333333333333335,38
1,2,19,6,1,0.1875,0,0.3333333333333333,0
6,1,13,8,1,0.109375,5,3.0,39
2,2,18,6,1,0.1875,0,0.6666666666666666,0
4,8,16,5,3,1.0,2,0.4444444444444444,21
8,0,9,7,0,0.0,9,8.0,44
1,6,19,5,4,1.6875,0,0.14285714285714285,0
8,8,11,6,4,1.75,11,0.8888888888888888,53
4,2,18,5,2,0.4375,2,1.3333333333333333,23
8,1,14,8,1,0.109375,14,4.0,59
5,1,15,6,1,0.109375,4,2.5,33
1,6,20,5,4,1.6875,1,0.14285714285714285,2
3,4,18,6,2,0.5,0,0.6,7
7,0,14,9,0,0.0,8,7.0,58
5,5,18,5,2,0.734375,5,0.8333333333333334,46
1,2,20,6,1,0.1875,1,0.3333333333333333,0
2,1,19,8,1,0.109375,0,1.0,3
8,6,17,8,3,1.1875,17,1.1428571428571428,61
7,6,16,8,3,1.1875,10,1.0,58
3,4,19,6,2,0.5,1,0.6,23
1,5,20,7,2,0.734375,0,0.16666666666666666,1
2,1,18,8,1,0.109375,0,1.0,5
3,0,20,9,0,0.0,2,3.0,5
7,1,15,7,1,0.109375,9,3.5,63
6,1,17,7,1,0.109375,3,3.0,26
1,0,19,9,0,0.0,0,1.0,3
3,10,22,6,4,1.6875,4,0.2727272727272727,8
2,0,21,9,0,0.0,1,2.0,3
7,1,16,6,1,0.109375,11,3.5,59
3,0,18,9,0,0.0,2,3.0,11
7,1,17,6,1,0.109375,12,3.5,66
5,8,19,5,4,1.75,4,0.5555555555555556,36
1,1,16,8,1,0.109375,0,0.5,0
4,0,19,7,0,0.0,3,4.0,33
3,0,19,9,0,0.0,3,3.0,14
1,10,20,7,3,1.1875,1,0.09090909090909091,6
1,3,20,7,2,0.484375,1,0.25,11
2,0,21,9,0,0.0,2,2.0,5
8,3,18,5,2,0.484375,18,2.0,66
5,8,18,7,4,1.75,4,0.5555555555555556,35
7,5,19,5,3,0.984375,12,1.1666666666666667,62
1,0,16,9,0,0.0,0,1.0,2
3,0,15,9,0,0.0,0,3.0,5
4,6,22,7,4,1.6875,5,0.5714285714285714,36
7,4,19,7,2,0.5,12,1.4,44
1,0,16,9,0,0.0,0,1.0,3
8,0,17,6,0,0.0,17,8.0,76
1,13,21,5,4,2.234375,1,0.07142857142857142,6
8,0,18,6,0,0.0,18,8.0,86
1,3,19,6,1,0.234375,0,0.25,2
6,5,21,7,2,0.734375,8,1.0,45
7,0,19,9,0,0.0,12,7.0,40
8,5,19,7,2,0.734375,19,1.3333333333333333,58
1,13,22,5,4,2.234375,2,0.07142857142857142,13
8,5,20,5,3,0.984375,20,1.3333333333333333,87
8,1,16,7,1,0.109375,16,4.0,79
2,0,16,8,0,0.0,1,2.0,27
4,0,20,9,0,0.0,6,4.0,46
8,8,21,7,4,2.0,21,0.8888888888888888,66
7,0,22,9,0,0.0,15,7.0,53
3,0,17,8,0,0.0,3,3.0,40
2,0,22,8,0,0.0,3,2.0,26
6,7,16,8,4,1.859375,5,0.75,52
4,0,17,8,0,0.0,5,4.0,48
8,6,19,8,4,1.6875,19,1.1428571428571428,52
5,3,16,8,2,0.484375,4,1.25,53
4,7,23,7,4,1.859375,7,0.5,39
8,3,20,6,1,0.234375,20,2.0,52
6,0,20,7,0,0.0,10,6.0,53
6,0,18,8,0,0.0,9,6.0,52
6,0,21,8,0,0.0,12,6.0,50
6,0,20,8,0,0.0,11,6.0,52
8,0,23,9,0,0.0,23,8.0,54
7,0,22,9,0,0.0,15,7.0,53
3,32,0,0,4,0.0,0,0.09090909090909091,0
7,29,2,1,4,0.984375,2,0.23333333333333334,0
7,29,1,1,4,0.984375,1,0.23333333333333334,0
6,15,0,4,4,3.109375,0,0.375,0
2,17,0,3,4,3.109375,0,0.1111111111111111,0
4,9,0,5,4,2.859375,0,0.4,0
4,9,1,5,4,2.859375,1,0.4,0
1,29,0,1,4,0.984375,0,0.03333333333333333,0
5,9,2,5,4,2.859375,2,0.5,3
3,1,7,8,1,0.109375,0,1.5,7
6,1,5,7,1,0.109375,5,3.0,15
2,1,3,7,1,0.109375,0,1.0,2
5,9,4,5,4,2.859375,3,0.5,11
4,1,4,7,1,0.109375,1,2.0,13
3,4,8,8,3,1.0,0,0.6,2
2,1,8,8,1,0.109375,0,1.0,2
1,0,10,9,0,0.0,0,1.0,1
8,1,5,8,1,0.109375,5,4.0,19
6,9,3,5,4,2.859375,3,0.6,10
7,1,6,8,1,0.109375,5,3.5,19
5,8,6,6,4,1.75,4,0.5555555555555556,19
1,4,10,8,3,1.0,0,0.2,0
7,1,7,9,1,0.109375,6,3.5,17
7,6,7,8,3,1.1875,6,1.0,17
2,4,9,8,3,1.0,0,0.4,8
1,0,8,8,0,0.0,0,1.0,1
5,6,9,8,4,1.6875,2,0.7142857142857143,17
6,3,8,8,2,0.484375,4,1.5,17
8,4,10,8,3,1.0,10,1.6,18
3,0,7,7,0,0.0,0,3.0,1
1,1,8,7,1,0.109375,0,0.5,0
6,7,7,7,4,1.859375,2,0.75,14
3,0,7,7,0,0.0,0,3.0,14
1,1,14,6,1,0.109375,0,0.5,0
8,0,9,9,0,0.0,9,8.0,29
3,1,11,6,1,0.109375,0,1.5,7
6,0,7,8,0,0.0,3,6.0,23
3,2,12,7,2,0.4375,1,1.0,4
5,3,9,6,1,0.234375,2,1.25,22
6,10,9,6,4,1.9375,5,0.5454545454545454,27
4,1,9,7,1,0.109375,2,2.0,29
4,0,9,8,0,0.0,2,4.0,28
5,1,7,7,1,0.109375,2,2.5,27
7,8,7,6,3,1.5,5,0.7777777777777778,33
6,0,8,7,0,0.0,6,6.0,34
1,2,16,7,2,0.4375,0,0.3333333333333333,0
3,5,14,5,3,0.984375,0,0.5,1
5,0,8,7,0,0.0,5,5.0,28
1,3,13,6,3,0.984375,0,0.25,0
5,2,11,7,2,0.4375,6,1.6666666666666667,32
6,1,9,6,1,0.109375,8,3.0,29
4,2,10,7,2,0.4375,3,1.3333333333333333,33
5,1,10,6,1,0.109375,6,2.5,30
2,5,15,7,3,0.984375,0,0.3333333333333333,3
1,1,17,8,1,0.109375,0,0.5,0
5,1,12,6,1,0.109375,8,2.5,34
1,1,19,8,1,0.109375,2,0.5,4
3,0,16,8,0,0.0,1,3.0,6
1,3,17,8,2,0.484375,0,0.25,4
4,1,13,6,1,0.109375,4,2.0,37
7,1,13,6,1,0.109375,13,3.5,40
5,11,14,4,4,2.734375,9,0.4166666666666667,28
1,0,18,9,0,0.0,1,1.0,2
1,0,21,10,0,0.0,0,1.0,3
4,2,17,7,2,0.4375,4,1.3333333333333333,27
4,0,14,7,0,0.0,5,4.0,36
6,11,12,4,4,2.734375,11,0.5,37
8,11,13,4,4,2.734375,13,0.6666666666666666,37
6,3,15,6,3,0.984375,13,1.5,43
2,0,17,10,0,0.0,1,2.0,12
2,12,20,8,4,2.0,1,0.15384615384615385,14
3,0,18,10,0,0.0,2,3.0,20
8,3,14,6,3,0.984375,14,2.0,41
4,0,15,8,0,0.0,4,4.0,31
7,2,14,7,2,0.4375,12,2.3333333333333335,41
4,5,18,8,3,0.984375,5,0.6666666666666666,30
3,0,19,10,0,0.0,3,3.0,26
6,0,16,9,0,0.0,9,6.0,32
7,2,15,7,2,0.4375,13,2.3333333333333335,52
4,1,23,7,1,0.109375,6,2.0,23
1,0,23,6,0,0.0,0,1.0,6
4,0,20,10,0,0.0,7,4.0,29
7,7,17,7,4,1.859375,15,0.875,49
3,2,26,6,1,0.1875,3,1.0,23
6,6,19,9,4,1.9375,11,0.8571428571428571,40
7,7,17,7,3,1.109375,15,0.875,53
3,4,21,5,2,0.5,2,0.6,20
1,0,25,6,0,0.0,1,1.0,14
5,6,20,9,4,1.9375,8,0.7142857142857143,48
5,0,22,6,0,0.0,6,5.0,36
7,3,18,8,2,0.484375,16,1.75,64
2,4,25,6,2,0.5,2,0.4,22
2,7,23,6,4,2.359375,3,0.25,22
6,6,21,9,4,1.9375,13,0.8571428571428571,58
6,6,22,8,3,0.9375,15,0.8571428571428571,52
1,8,25,5,4,3.0,2,0.1111111111111111,26
4,0,23,7,0,0.0,6,4.0,24
8,1,24,8,1,0.109375,24,4.0,63
3,0,23,7,0,0.0,5,3.0,25
7,6,24,8,3,0.9375,21,1.0,64
8,6,23,8,3,0.9375,23,1.1428571428571428,59
6,1,25,8,1,0.109375,15,3.0,68
7,4,25,7,2,0.5,21,1.4,68
6,0,22,8,0,0.0,12,6.0,68
7,1,24,7,1,0.109375,21,3.5,71
6,0,24,7,0,0.0,13,6.0,52
8,1,25,7,1,0.109375,25,4.0,79
7,0,24,6,0,0.0,21,7.0,72
7,4,22,5,2,0.5,19,1.4,74
8,6,23,6,3,0.9375,23,1.1428571428571428,60
5,28,1,1,4,1.75,1,0.1724137931034483,0
3,22,0,3,4,2.9375,0,0.13043478260869565,0
1,28,0,1,4,1.75,0,0.034482758620689655,0
4,19,0,4,4,3.484375,0,0.2,0
3,5,0,7,4,1.734375,0,0.5,0
4,32,0,0,4,0.0,0,0.12121212121212122,0
6,19,1,4,4,3.484375,1,0.3,0
2,7,0,7,3,1.359375,0,0.25,0
1,5,0,8,2,0.734375,0,0.16666666666666666,0
3,5,1,8,2,0.734375,1,0.5,0
4,19,2,4,4,3.484375,1,0.2,0
4,3,2,9,1,0.234375,0,1.0,1
7,3,1,9,1,0.234375,1,1.75,4
1,9,1,7,4,1.609375,0,0.1,0
5,9,0,7,4,1.609375,0,0.5,0
1,1,5,7,1,0.109375,0,0.5,0
2,3,5,7,2,0.484375,0,0.5,1
7,3,0,9,1,0.234375,0,1.75,5
8,2,3,9,2,0.4375,3,2.6666666666666665,9
6,1,4,7,1,0.109375,2,3.0,8
5,6,3,8,3,0.9375,1,0.7142857142857143,8
3,1,3,7,1,0.109375,0,1.5,1
7,8,4,7,3,1.75,1,0.7777777777777778,12
8,8,5,6,4,1.5,5,0.8888888888888888,9
8,14,4,6,4,2.1875,4,0.5333333333333333,14
7,0,5,8,0,0.0,3,7.0,16
6,8,5,7,3,1.75,1,0.6666666666666666,14
3,2,6,5,2,0.4375,0,1.0,8
2,0,6,5,0,0.0,1,2.0,7
2,0,8,5,0,0.0,2,2.0,10
2,3,7,4,2,0.484375,0,0.5,10
4,0,6,8,0,0.0,0,4.0,24
7,3,6,5,2,0.484375,4,1.75,21
6,18,7,3,4,1.9375,2,0.3157894736842105,22
5,2,7,5,2,0.4375,2,1.6666666666666667,24
5,2,8,5,2,0.4375,3,1.6666666666666667,24
3,0,14,5,0,0.0,3,3.0,12
2,8,16,4,3,1.25,3,0.2222222222222222,15
6,0,7,5,0,0.0,6,6.0,24
4,0,13,5,0,0.0,4,4.0,19
6,0,9,5,0,0.0,8,6.0,29
1,0,18,7,0,0.0,0,1.0,4
1,0,21,8,0,0.0,1,1.0,6
4,8,14,6,3,1.0,4,0.4444444444444444,25
7,0,11,5,0,0.0,10,7.0,30
5,0,12,5,0,0.0,6,5.0,26
8,0,10,5,0,0.0,10,8.0,32
3,0,14,8,0,0.0,3,3.0,26
1,0,18,8,0,0.0,0,1.0,9
2,0,13,8,0,0.0,1,2.0,27
3,2,20,6,1,0.1875,6,1.0,27
4,0,16,8,0,0.0,6,4.0,32
7,8,17,4,3,1.25,16,0.7777777777777778,42
2,0,18,8,0,0.0,2,2.0,30
3,6,19,7,2,0.4375,5,0.42857142857142855,35
2,0,20,8,0,0.0,3,2.0,19
1,0,18,8,0,0.0,0,1.0,5
7,8,15,4,3,1.25,14,0.7777777777777778,41
3,0,20,7,0,0.0,7,3.0,15
2,0,17,9,0,0.0,0,2.0,2
5,5,16,7,3,0.984375,0,0.8333333333333334,0
7,0,15,8,0,0.0,14,7.0,46
4,0,19,7,0,0.0,9,4.0,37
3,1,16,9,1,0.109375,1,1.5,4
7,0,17,8,0,0.0,16,7.0,50
8,3,18,6,2,0.484375,18,2.0,47
1,5,13,5,2,0.734375,0,0.16666666666666666,0
6,0,19,8,0,0.0,11,6.0,40
4,5,14,5,2,0.734375,1,0.6666666666666666,0
3,11,15,4,3,1.484375,0,0.25,0
7,0,20,8,0,0.0,17,7.0,50
1,11,17,4,4,2.234375,0,0.08333333333333333,3
8,7,19,6,4,2.359375,19,1.0,50
4,2,13,6,2,0.4375,0,1.3333333333333333,1
6,0,21,8,0,0.0,12,6.0,50
2,11,15,4,4,2.234375,0,0.16666666666666666,3
2,1,16,7,1,0.109375,1,1.0,1
1,3,16,7,2,0.484375,0,0.25,0
1,1,15,7,1,0.109375,0,0.5,0
6,0,19,7,0,0.0,11,6.0,52
4,11,16,4,4,2.234375,2,0.3333333333333333,16
7,0,22,8,0,0.0,19,7.0,52
6,6,21,6,3,1.1875,13,0.8571428571428571,50
8,0,19,9,0,0.0,19,8.0,53
6,0,19,8,0,0.0,10,6.0,54
4,0,15,6,0,0.0,3,4.0,23
6,0,21,8,0,0.0,11,6.0,59
7,0,16,9,0,0.0,12,7.0,56
7,0,20,8,0,0.0,17,7.0,57
4,4,16,5,2,0.75,4,0.8,32
8,3,17,8,1,0.234375,17,2.0,59
7,5,16,7,2,0.484375,12,1.1666666666666667,59
6,2,12,6,2,0.4375,5,2.0,38
4,7,18,8,4,1.859375,4,0.5,37
2,3,17,7,2,0.484375,2,0.5,37
5,3,18,7,2,0.484375,6,1.25,37
2,4,18,5,3,1.0,1,0.4,40
8,2,14,6,2,0.4375,14,2.6666666666666665,53
7,1,18,8,1,0.109375,14,3.5,43
3,1,18,5,1,0.109375,3,1.5,42
8,3,19,7,2,0.484375,19,2.0,51
2,1,22,5,1,0.109375,2,1.0,47
3,13,19,6,4,2.234375,1,0.21428571428571427,48
8,1,18,8,1,0.109375,18,4.0,58
8,1,19,5,1,0.109375,19,4.0,56
8,1,22,5,1,0.109375,22,4.0,57
3,1,20,5,1,0.109375,4,1.5,49
7,1,23,5,1,0.109375,17,3.5,54
5,1,23,5,1,0.109375,9,2.5,57
7,1,21,5,1,0.109375,16,3.5,55
8,32,0,0,4,0.0,0,0.24242424242424243,0
6,32,1,0,4,0.0,0,0.18181818181818182,0
8,17,0,3,4,3.609375,0,0.4444444444444444,0
1,18,0,2,4,3.4375,0,0.05263157894736842,0
8,9,0,4,4,2.859375,0,0.8,0
1,1,0,5,1,0.109375,0,0.5,0
1,1,0,7,1,0.109375,0,0.5,0
6,16,1,4,4,2.75,1,0.35294117647058826,0
6,22,0,3,4,2.6875,0,0.2608695652173913,0
4,5,0,6,3,1.234375,0,0.6666666666666666,0
1,0,5,8,0,0.0,0,1.0,3
5,16,0,4,4,2.75,0,0.29411764705882354,0
1,6,0,5,3,1.1875,0,0.14285714285714285,0
7,1,1,7,1,0.109375,1,3.5,7
7,0,3,8,0,0.0,3,7.0,11
5,0,1,8,0,0.0,0,5.0,11
5,0,7,8,0,0.0,4,5.0,9
3,0,2,8,0,0.0,0,3.0,10
2,11,9,5,4,1.734375,0,0.16666666666666666,4
3,0,4,8,0,0.0,1,3.0,10
8,1,6,8,1,0.109375,6,4.0,12
4,1,7,8,1,0.109375,2,2.0,9
1,5,6,5,2,0.484375,0,0.16666666666666666,1
4,0,8,8,0,0.0,2,4.0,8
8,0,6,8,0,0.0,6,8.0,14
5,1,8,8,1,0.109375,5,2.5,15
3,5,5,5,2,0.484375,0,0.5,1
7,8,9,6,3,1.0,7,0.7777777777777778,14
2,0,4,7,0,0.0,0,2.0,1
7,0,4,7,0,0.0,4,7.0,16
6,11,6,4,4,1.734375,3,0.5,15
7,1,7,7,1,0.109375,5,3.5,22
4,2,6,7,2,0.4375,0,1.3333333333333333,7
7,4,5,6,3,1.0,5,1.4,18
5,10,6,6,4,1.6875,2,0.45454545454545453,19
1,7,5,5,4,1.859375,0,0.125,0
8,2,5,7,2,0.4375,5,2.6666666666666665,16
5,3,7,6,2,0.484375,2,1.25,13
3,1,6,7,1,0.109375,0,1.5,1
3,4,5,5,1,0.25,0,0.6,11
5,0,4,7,0,0.0,2,5.0,12
1,8,7,6,4,2.25,0,0.1111111111111111,2
2,3,6,6,3,0.984375,0,0.5,0
1,0,6,8,0,0.0,1,1.0,2
5,6,5,5,3,0.9375,3,0.7142857142857143,8
6,3,5,6,3,0.984375,3,1.5,11
5,2,5,6,1,0.1875,3,1.6666666666666667,13
1,5,3,5,3,0.984375,0,0.16666666666666666,0
7,15,6,4,4,1.359375,5,0.4375,10
4,2,1,7,1,0.1875,0,1.3333333333333333,2
4,2,2,7,1,0.1875,1,1.3333333333333333,2
3,5,5,5,3,0.984375,1,0.5,8
4,6,2,7,2,0.4375,0,0.5714285714285714,2
7,5,5,6,2,0.484375,4,1.1666666666666667,9
7,5,4,5,3,0.984375,3,1.1666666666666667,5
2,0,7,8,0,0.0,0,2.0,1
6,0,5,7,0,0.0,3,6.0,7
3,5,6,5,3,0.984375,2,0.5,8
5,1,5,7,1,0.109375,2,2.5,11
1,0,5,7,0,0.0,0,1.0,4
8,2,4,6,2,0.4375,4,2.6666666666666665,35
3,4,6,6,2,0.5,1,0.6,0
4,0,6,7,0,0.0,3,4.0,7
4,0,6,7,0,0.0,2,4.0,14
3,7,8,6,3,0.859375,1,0.375,10
6,4,7,6,2,0.5,6,1.2,19
1,0,7,8,0,0.0,0,1.0,4
5,7,6,7,2,0.859375,2,0.625,13
3,2,11,7,1,0.1875,2,1.0,5
3,5,10,8,3,0.984375,0,0.5,1
2,1,7,8,1,0.109375,0,1.0,1
7,4,8,6,2,0.5,7,1.4,20
3,4,9,7,2,0.75,1,0.6,1
5,7,7,7,2,0.859375,3,0.625,19
5,0,9,9,0,0.0,3,5.0,16
3,5,11,8,3,0.984375,1,0.5,3
2,3,9,7,2,0.484375,1,0.5,1
1,3,10,7,2,0.484375,0,0.25,0
7,0,9,8,0,0.0,7,7.0,27
8,0,8,8,0,0.0,8,8.0,34
2,0,9,9,0,0.0,0,2.0,2
2,3,8,7,2,0.484375,0,0.5,0
4,4,8,7,1,0.25,0,0.8,0
2,2,14,6,1,0.1875,1,0.6666666666666666,1
8,8,7,7,2,0.5,7,0.8888888888888888,33
6,0,10,9,0,0.0,5,6.0,31
7,0,10,8,0,0.0,8,7.0,35
3,8,14,5,3,1.5,0,0.3333333333333333,3
4,0,10,9,0,0.0,1,4.0,15
2,1,15,6,1,0.109375,0,1.0,2
1,0,18,7,0,0.0,0,1.0,5
5,8,9,7,3,1.0,3,0.5555555555555556,31
7,7,9,8,3,1.109375,4,0.875,22
8,1,8,8,1,0.109375,8,4.0,33
2,4,20,6,1,0.25,1,0.4,4
7,3,12,8,2,0.484375,6,1.75,22
8,0,8,9,0,0.0,8,8.0,41
8,3,10,7,2,0.484375,10,2.0,40
4,3,12,8,2,0.484375,2,1.0,33
6,8,13,6,4,1.75,5,0.6666666666666666,36
8,1,13,6,1,0.109375,13,4.0,38
4,11,12,7,3,1.484375,1,0.3333333333333333,30
8,0,11,9,0,0.0,11,8.0,37
8,2,15,6,1,0.1875,15,2.6666666666666665,41
7,8,15,5,3,1.5,10,0.7777777777777778,44
7,2,16,6,2,0.4375,10,2.3333333333333335,43
7,2,16,6,1,0.1875,10,2.3333333333333335,42
7,0,19,7,0,0.0,11,7.0,52
8,2,17,6,2,0.4375,17,2.6666666666666665,49
8,2,18,6,2,0.4375,18,2.6666666666666665,53
6,20,1,3,4,3.75,0,0.2857142857142857,0
6,29,1,1,4,0.984375,1,0.2,0
1,5,1,7,4,1.734375,0,0.16666666666666666,0
3,32,0,0,4,0.0,0,0.09090909090909091,0
7,20,0,3,4,3.75,0,0.3333333333333333,0
1,6,1,6,4,1.9375,0,0.14285714285714285,0
3,29,0,1,4,0.984375,0,0.1,0
2,7,3,9,4,1.609375,0,0.25,0
7,7,4,9,4,1.609375,2,0.875,1
2,5,2,7,4,1.734375,1,0.3333333333333333,0
1,2,1,9,2,0.4375,0,0.3333333333333333,0
8,6,0,6,4,1.9375,0,1.1428571428571428,11
1,7,0,5,4,2.359375,0,0.125,0
4,5,1,7,3,1.234375,1,0.6666666666666666,1
3,7,0,6,3,1.109375,0,0.375,0
1,1,2,10,1,0.109375,0,0.5,0
4,11,1,7,4,1.484375,0,0.3333333333333333,1
4,2,2,9,2,0.4375,1,1.3333333333333333,5
4,6,1,8,2,0.6875,0,0.5714285714285714,0
8,1,2,10,1,0.109375,2,4.0,8
2,0,1,8,0,0.0,0,2.0,2
7,0,2,8,0,0.0,2,7.0,6
2,2,0,7,2,0.4375,0,0.6666666666666666,0
7,2,1,7,2,0.4375,1,2.3333333333333335,5
6,4,0,7,2,0.5,0,1.2,1
8,3,1,6,2,0.484375,1,2.0,4
1,0,4,6,0,0.0,1,1.0,1
2,0,2,7,0,0.0,1,2.0,4
2,0,3,6,0,0.0,1,2.0,4
2,7,6,6,2,0.609375,3,0.25,5
1,7,3,5,2,0.609375,0,0.125,3
5,1,5,8,1,0.109375,4,2.5,4
6,7,3,6,2,0.609375,3,0.75,3
3,1,6,8,1,0.109375,3,1.5,6
2,7,4,6,2,0.609375,2,0.25,3
5,7,5,6,2,0.609375,4,0.625,5
4,7,2,5,2,0.609375,0,0.5,5
3,14,5,7,4,1.9375,2,0.2,5
3,4,5,8,1,0.25,1,0.6,1
6,2,4,10,1,0.1875,2,2.0,6
8,10,7,6,3,1.4375,7,0.7272727272727273,11
4,2,4,9,1,0.1875,1,1.3333333333333333,10
4,0,4,9,0,0.0,1,4.0,12
8,14,6,7,4,1.9375,6,0.5333333333333333,12
5,1,3,7,1,0.109375,2,2.5,9
8,8,4,5,3,1.75,4,0.8888888888888888,13
3,3,3,5,1,0.234375,0,0.75,0
4,3,4,5,1,0.234375,3,1.0,9
1,0,7,6,0,0.0,1,1.0,1
4,3,1,5,1,0.234375,0,1.0,5
2,0,8,6,0,0.0,2,2.0,7
4,3,2,5,1,0.234375,1,1.0,8
3,0,5,6,0,0.0,1,3.0,8
2,0,8,6,0,0.0,4,2.0,2
1,0,5,11,0,0.0,0,1.0,1
2,0,2,11,0,0.0,0,2.0,3
2,0,4,6,0,0.0,0,2.0,8
1,0,6,6,0,0.0,0,1.0,7
6,13,5,7,4,2.234375,4,0.42857142857142855,9
2,0,5,12,0,0.0,0,2.0,6
6,0,7,6,0,0.0,6,6.0,7
5,0,3,11,0,0.0,1,5.0,6
7,12,9,4,4,2.0,8,0.5384615384615384,16
1,0,2,9,0,0.0,0,1.0,2
4,0,3,9,0,0.0,1,4.0,3
1,0,6,12,0,0.0,0,1.0,6
1,4,2,6,2,0.5,1,0.2,0
6,0,4,9,0,0.0,2,6.0,6
4,2,5,8,1,0.1875,2,1.3333333333333333,5
2,8,5,6,4,2.25,0,0.2222222222222222,2
2,1,4,9,1,0.109375,0,1.0,1
7,0,4,11,0,0.0,4,7.0,16
8,3,6,10,1,0.234375,6,2.0,15
1,1,5,8,1,0.109375,0,0.5,0
5,4,5,7,2,0.5,2,1.0,15
1,20,5,3,4,2.25,0,0.047619047619047616,2
4,0,5,9,0,0.0,0,4.0,5
1,2,3,8,2,0.4375,0,0.3333333333333333,0
1,16,5,5,4,2.0,0,0.058823529411764705,0
5,0,4,8,0,0.0,0,5.0,2
5,4,3,6,2,0.5,3,1.0,10
8,4,4,6,2,0.5,4,1.6,16
7,1,3,9,1,0.109375,2,3.5,12
6,5,3,7,3,1.234375,1,1.0,6
4,4,7,4,2,0.75,0,0.8,0
6,5,3,6,2,0.734375,1,1.0,6
8,3,5,7,2,0.484375,5,2.0,21
8,0,4,9,0,0.0,4,8.0,16
6,13,7,3,4,2.234375,0,0.42857142857142855,5
8,5,4,6,2,0.734375,4,1.3333333333333333,19
6,12,7,3,4,2.75,1,0.46153846153846156,11
1,0,10,5,0,0.0,0,1.0,4
3,0,7,5,0,0.0,0,3.0,8
8,5,5,6,2,0.734375,5,1.3333333333333333,21
3,6,8,4,3,1.1875,1,0.42857142857142855,12
7,5,6,6,2,0.734375,2,1.1666666666666667,26
3,0,11,5,0,0.0,3,3.0,10
2,8,11,5,4,2.25,0,0.2222222222222222,17
6,0,8,5,0,0.0,3,6.0,19
1,8,11,5,4,2.0,0,0.1111111111111111,6
7,6,6,4,3,1.1875,2,1.0,33
5,0,9,5,0,0.0,2,5.0,25
8,13,6,3,4,2.234375,6,0.5714285714285714,36
6,6,11,5,3,1.1875,5,0.8571428571428571,29
7,4,12,4,2,0.75,9,1.4,28
6,0,11,7,0,0.0,5,6.0,28
7,8,12,5,4,2.0,10,0.7777777777777778,30
8,8,13,5,4,2.0,13,0.8888888888888888,31
4,0,12,7,0,0.0,2,4.0,18
7,0,13,7,0,0.0,11,7.0,28
4,22,0,2,4,2.9375,0,0.17391304347826086,0
7,7,0,6,4,2.359375,0,0.875,0
2,32,0,0,4,0.0,0,0.06060606060606061,0
8,32,1,0,4,0.0,1,0.24242424242424243,0
5,0,1,7,0,0.0,1,5.0,2
1,18,0,3,4,3.4375,0,0.05263157894736842,0
5,18,1,3,4,3.4375,1,0.2631578947368421,0
5,12,0,5,4,3.75,0,0.38461538461538464,0
2,0,0,7,0,0.0,0,2.0,3
2,11,4,5,4,2.234375,1,0.16666666666666666,0
7,0,2,7,0,0.0,2,7.0,4
7,12,2,6,4,2.75,2,0.5384615384615384,7
6,0,1,8,0,0.0,0,6.0,3
3,3,4,6,2,0.484375,0,0.75,0
4,6,2,6,3,1.6875,0,0.5714285714285714,7
5,0,3,7,0,0.0,2,5.0,3
4,7,5,5,4,2.359375,3,0.5,5
2,0,4,6,0,0.0,0,2.0,1
1,1,5,7,1,0.109375,0,0.5,0
8,3,2,6,2,0.484375,2,2.0,8
5,2,4,6,2,0.4375,3,1.6666666666666667,8
3,8,4,6,4,1.75,0,0.3333333333333333,0
4,0,2,7,0,0.0,1,4.0,8
4,3,3,6,2,0.484375,2,1.0,7
8,8,3,6,4,1.75,3,0.8888888888888888,11
2,1,7,8,1,0.109375,1,1.0,1
4,1,6,8,1,0.109375,0,2.0,2
7,1,3,8,1,0.109375,2,3.5,16
2,1,7,8,1,0.109375,0,1.0,3
7,1,6,7,1,0.109375,5,3.5,14
1,10,8,6,3,1.6875,0,0.09090909090909091,0
6,1,4,7,1,0.109375,3,3.0,12
1,10,10,6,4,2.1875,0,0.09090909090909091,2
2,5,11,7,2,0.484375,0,0.3333333333333333,2
6,1,5,8,1,0.109375,2,3.0,21
6,1,4,8,1,0.109375,1,3.0,20
3,2,8,7,2,0.4375,1,1.0,11
4,10,7,6,3,1.6875,0,0.36363636363636365,10
3,2,7,7,2,0.4375,0,1.0,5
1,2,11,8,2,0.4375,0,0.3333333333333333,0
6,10,7,6,4,2.1875,3,0.5454545454545454,17
3,9,11,7,3,1.109375,2,0.3,11
3,2,9,7,2,0.4375,2,1.0,16
4,0,11,9,0,0.0,3,4.0,8
8,2,5,8,2,0.4375,5,2.6666666666666665,25
3,0,10,9,0,0.0,2,3.0,6
3,0,14,8,0,0.0,1,3.0,6
5,0,10,9,0,0.0,3,5.0,13
1,6,15,6,2,0.6875,0,0.14285714285714285,3
2,6,15,6,3,1.1875,1,0.2857142857142857,6
5,0,11,8,0,0.0,4,5.0,15
4,4,15,6,2,0.5,3,0.8,8
8,2,6,8,2,0.4375,6,2.6666666666666665,38
3,5,11,7,2,0.734375,0,0.5,0
1,3,14,7,2,0.484375,0,0.25,2
2,4,14,8,2,0.5,1,0.4,5
5,6,14,7,2,0.6875,6,0.7142857142857143,16
2,4,13,8,2,0.5,0,0.4,5
5,0,13,9,0,0.0,6,5.0,16
3,0,12,8,0,0.0,0,3.0,4
6,6,11,7,2,0.6875,0,0.8571428571428571,0
1,8,14,5,3,1.0,0,0.1111111111111111,0
2,0,13,8,0,0.0,0,2.0,5
2,0,15,8,0,0.0,1,2.0,8
1,4,14,7,2,0.5,0,0.2,0
8,0,9,8,0,0.0,9,8.0,41
7,0,10,8,0,0.0,7,7.0,46
3,3,14,8,1,0.234375,0,0.75,0
2,5,13,6,4,1.734375,1,0.3333333333333333,0
7,2,10,8,2,0.4375,6,2.3333333333333335,49
7,0,12,9,0,0.0,8,7.0,53
8,2,9,8,2,0.4375,9,2.6666666666666665,54
3,0,14,6,0,0.0,2,3.0,5
7,6,15,7,2,0.6875,10,1.0,54
5,0,16,8,0,0.0,3,5.0,19
1,0,12,6,0,0.0,0,1.0,5
1,0,13,6,0,0.0,1,1.0,5
8,3,14,7,1,0.234375,14,2.0,58
6,6,12,7,2,0.6875,1,0.8571428571428571,38
7,4,12,7,2,0.5,6,1.4,28
7,6,16,7,2,0.6875,11,1.0,56
3,1,15,7,1,0.109375,1,1.5,7
8,3,14,7,1,0.234375,14,2.0,57
6,4,13,7,2,0.5,2,1.2,37
8,1,12,8,1,0.109375,12,4.0,59
8,5,10,7,2,0.734375,10,1.3333333333333333,58
8,0,14,8,0,0.0,14,8.0,54
7,5,13,5,1,0.234375,7,1.1666666666666667,36
2,1,15,7,1,0.109375,0,1.0,14
6,10,17,4,4,1.4375,5,0.5454545454545454,29
8,0,15,6,0,0.0,15,8.0,41
8,0,16,6,0,0.0,16,8.0,41
8,7,15,6,3,1.109375,15,1.0,36
3,0,15,6,0,0.0,3,3.0,31
5,1,13,7,1,0.109375,2,2.5,42
3,7,12,6,3,1.109375,0,0.375,35
2,8,19,4,3,1.0,1,0.2222222222222222,19
3,1,14,7,1,0.109375,1,1.5,34
5,7,13,6,3,1.109375,1,0.625,36
5,14,16,3,4,2.4375,9,0.3333333333333333,31
4,1,16,5,1,0.109375,4,2.0,33
5,0,16,6,0,0.0,6,5.0,38
4,1,18,5,1,0.109375,5,2.0,35
7,1,17,5,1,0.109375,11,3.5,44
6,1,18,5,1,0.109375,10,3.0,30
7,1,18,5,1,0.109375,12,3.5,45
7,14,17,3,4,2.4375,14,0.4666666666666667,40
8,1,17,5,1,0.109375,17,4.0,46
7,1,16,5,1,0.109375,13,3.5,45
7,1,19,5,1,0.109375,15,3.5,47
5,20,0,2,4,3.75,0,0.23809523809523808,0
4,32,1,0,4,0.0,0,0.12121212121212122,0
1,7,0,4,4,2.359375,0,0.125,0
8,32,0,0,4,0.0,0,0.24242424242424243,0
2,7,1,4,4,2.359375,1,0.25,0
8,20,1,2,4,3.75,1,0.38095238095238093,0
6,7,2,4,4,2.359375,2,0.75,4
1,8,0,4,4,2.25,0,0.1111111111111111,0
1,3,0,6,3,0.984375,0,0.25,0
7,3,1,6,3,0.984375,1,1.75,1
4,8,1,4,4,2.25,1,0.4444444444444444,0
1,8,0,4,4,1.75,0,0.1111111111111111,0
8,14,0,5,4,3.1875,0,0.5333333333333333,0
5,3,0,7,2,0.484375,0,1.25,3
4,7,0,5,4,1.859375,0,0.5,0
5,7,1,5,4,1.859375,1,0.625,2
5,3,1,6,2,0.484375,1,1.25,1
1,10,3,5,4,2.1875,0,0.09090909090909091,4
8,10,5,5,4,2.1875,5,0.7272727272727273,11
5,5,7,7,4,1.734375,0,0.8333333333333334,0
2,3,8,7,2,0.484375,0,0.5,0
5,3,2,6,2,0.484375,2,1.25,9
7,0,4,7,0,0.0,3,7.0,15
6,10,4,5,4,2.1875,4,0.5454545454545454,11
4,0,6,7,0,0.0,0,4.0,8
6,14,7,5,4,2.4375,1,0.4,4
7,0,6,7,0,0.0,5,7.0,21
2,1,10,6,1,0.109375,0,1.0,3
7,0,5,7,0,0.0,4,7.0,21
1,0,9,7,0,0.0,0,1.0,7
3,6,9,5,2,0.6875,1,0.42857142857142855,12
3,0,7,7,0,0.0,0,3.0,13
4,6,8,5,2,0.6875,2,0.5714285714285714,16
6,6,10,5,2,0.6875,5,0.8571428571428571,19
7,3,7,7,2,0.484375,5,1.75,30
3,8,10,5,4,2.0,2,0.3333333333333333,28
1,8,11,6,4,2.25,0,0.1111111111111111,1
3,0,10,7,0,0.0,3,3.0,22
5,0,9,6,0,0.0,5,5.0,26
8,4,7,6,3,1.0,7,1.6,36
7,0,9,7,0,0.0,8,7.0,28
4,0,10,6,0,0.0,5,4.0,28
5,3,13,6,2,0.484375,7,1.25,13
1,2,16,8,1,0.1875,0,0.3333333333333333,0
1,1,12,6,1,0.109375,1,0.5,9
6,0,10,7,0,0.0,6,6.0,26
2,8,12,6,4,2.25,1,0.2222222222222222,10
4,6,12,6,2,0.6875,4,0.5714285714285714,22
4,3,14,6,3,0.984375,5,1.0,18
8,4,10,6,4,1.75,10,1.6,27
7,0,11,7,0,0.0,9,7.0,35
1,8,15,6,3,1.0,0,0.1111111111111111,0
1,6,14,7,4,1.6875,0,0.14285714285714285,0
4,4,16,7,3,1.0,3,0.8,16
7,0,12,7,0,0.0,10,7.0,31
8,2,11,6,1,0.1875,11,2.6666666666666665,37
5,3,15,6,3,0.984375,8,1.25,19
3,2,15,7,1,0.1875,1,1.0,1
7,3,13,6,3,0.984375,11,1.75,36
4,1,14,7,1,0.109375,0,2.0,7
3,0,15,7,0,0.0,2,3.0,24
8,0,16,7,0,0.0,16,8.0,33
2,2,22,6,2,0.4375,0,0.6666666666666666,0
6,0,17,7,0,0.0,10,6.0,37
5,8,15,7,4,2.25,4,0.5555555555555556,25
8,2,14,8,1,0.1875,14,2.6666666666666665,35
4,3,21,5,3,0.984375,1,1.0,3
1,0,19,6,0,0.0,0,1.0,3
6,2,15,8,1,0.1875,8,2.0,41
1,10,21,5,4,1.9375,0,0.09090909090909091,2
1,7,20,6,2,0.609375,0,0.125,1
1,13,20,5,4,2.984375,1,0.07142857142857142,0
7,0,15,9,0,0.0,11,7.0,42
5,1,14,8,1,0.109375,5,2.5,37
6,0,13,9,0,0.0,6,6.0,33
3,2,20,6,2,0.4375,1,1.0,4
7,1,14,8,1,0.109375,11,3.5,42
2,2,21,8,1,0.1875,0,0.6666666666666666,0
5,15,15,6,4,2.359375,3,0.3125,43
6,2,17,7,1,0.1875,9,2.0,45
7,0,14,8,0,0.0,11,7.0,43
3,4,18,8,2,0.75,1,0.6,20
5,2,23,6,2,0.4375,6,1.6666666666666667,43
6,1,15,7,1,0.109375,9,3.0,42
5,2,16,7,1,0.1875,5,1.6666666666666667,45
6,2,17,6,2,0.4375,10,2.0,47
7,2,18,6,2,0.4375,15,2.3333333333333335,49
7,2,19,6,2,0.4375,16,2.3333333333333335,59
5,11,23,5,4,1.484375,6,0.4166666666666667,50
8,2,16,6,2,0.4375,16,2.6666666666666665,51
6,2,21,6,2,0.4375,11,2.0,50
5,0,20,6,0,0.0,7,5.0,51
1,0,22,6,0,0.0,0,1.0,15
2,5,25,5,2,0.734375,1,0.3333333333333333,19
3,1,20,9,1,0.109375,1,1.5,44
5,3,20,6,2,0.484375,5,1.25,51
3,12,22,4,4,2.0,2,0.23076923076923078,35
7,1,18,9,1,0.109375,16,3.5,45
4,13,21,5,4,2.984375,3,0.2857142857142857,46
8,2,20,6,2,0.4375,20,2.6666666666666665,67
5,2,22,8,1,0.1875,10,1.6666666666666667,48
4,0,22,9,0,0.0,3,4.0,49
6,12,23,4,4,2.0,14,0.46153846153846156,47
3,1,22,6,1,0.109375,3,1.5,43
3,0,24,6,0,0.0,4,3.0,43
7,1,19,9,1,0.109375,17,3.5,60
7,2,21,6,2,0.4375,19,2.3333333333333335,50
7,13,23,4,4,2.984375,20,0.5,60
7,0,23,6,0,0.0,20,7.0,60
8,13,22,4,4,2.984375,22,0.5714285714285714,58
6,32,0,0,4,0.0,0,0.18181818181818182,0
1,22,0,2,4,2.9375,0,0.043478260869565216,0
1,22,1,2,4,2.9375,1,0.043478260869565216,0
7,9,0,7,4,2.859375,0,0.7,0
1,2,2,8,2,0.4375,0,0.3333333333333333,0
6,20,0,4,4,3.75,0,0.2857142857142857,0
1,14,0,5,4,3.4375,0,0.06666666666666667,0
3,9,1,7,4,2.859375,0,0.3,5
4,14,1,5,4,3.4375,1,0.26666666666666666,0
4,32,1,0,4,0.0,0,0.12121212121212122,0
5,4,4,9,2,0.5,3,1.0,5
4,8,3,7,3,1.5,0,0.4444444444444444,2
1,1,3,10,1,0.109375,0,0.5,0
5,2,1,8,2,0.4375,1,1.6666666666666667,8
3,4,1,9,2,0.5,0,0.6,0
1,4,3,9,2,0.5,0,0.2,0
2,8,4,7,3,1.5,0,0.2222222222222222,0
6,1,3,9,1,0.109375,1,3.0,9
6,4,2,9,2,0.5,2,1.2,4
8,10,2,8,4,2.1875,2,0.7272727272727273,9
4,1,4,9,1,0.109375,1,2.0,3
2,1,6,9,1,0.109375,0,1.0,5
6,1,5,9,1,0.109375,3,3.0,16
3,1,7,9,1,0.109375,1,1.5,4
2,1,7,8,1,0.109375,0,1.0,4
4,5,7,8,2,0.734375,2,0.6666666666666666,14
7,5,6,8,3,0.984375,5,1.1666666666666667,15
7,10,3,8,4,2.1875,2,0.6363636363636364,17
7,1,8,9,1,0.109375,7,3.5,20
4,7,5,6,3,1.109375,1,0.5,13
3,2,14,6,1,0.1875,0,1.0,1
3,2,15,6,1,0.1875,1,1.0,6
6,5,5,6,2,0.734375,4,1.0,17
6,5,6,6,2,0.734375,5,1.0,18
4,14,6,5,4,3.1875,3,0.26666666666666666,17
7,1,6,7,1,0.109375,6,3.5,17
4,7,6,6,3,1.109375,2,0.5,16
1,7,15,5,4,1.859375,0,0.125,1
4,8,12,6,3,1.0,1,0.4444444444444444,7
8,1,8,7,1,0.109375,8,4.0,25
3,7,14,6,3,1.109375,1,0.375,5
1,4,13,6,2,0.5,0,0.2,0
8,1,7,7,1,0.109375,7,4.0,24
4,0,12,8,0,0.0,1,4.0,14
4,0,13,8,0,0.0,2,4.0,15
7,1,9,7,1,0.109375,7,3.5,28
6,1,10,7,1,0.109375,5,3.0,35
4,8,12,5,3,1.25,3,0.4444444444444444,16
2,8,11,5,3,1.25,0,0.2222222222222222,7
7,1,11,7,1,0.109375,9,3.5,42
3,8,13,5,3,1.25,1,0.3333333333333333,17
6,3,13,6,1,0.234375,6,1.5,38
8,3,12,6,1,0.234375,12,2.0,43
2,1,13,6,1,0.109375,1,1.0,14
1,0,17,7,0,0.0,0,1.0,2
3,1,15,6,1,0.109375,3,1.5,17
8,3,14,6,1,0.234375,14,2.0,52
2,1,14,6,1,0.109375,1,1.0,13
6,1,12,7,1,0.109375,4,3.0,42
7,0,14,6,0,0.0,10,7.0,52
2,13,15,4,4,1.234375,2,0.14285714285714285,12
3,1,13,6,1,0.109375,3,1.5,25
8,1,14,6,1,0.109375,14,4.0,42
4,13,17,4,3,1.484375,6,0.2857142857142857,21
8,0,14,6,0,0.0,14,8.0,56
2,0,17,8,0,0.0,1,2.0,14
6,13,16,4,3,1.484375,10,0.42857142857142855,41
3,0,13,7,0,0.0,4,3.0,32
1,0,21,7,0,0.0,0,1.0,2
6,1,15,6,1,0.109375,9,3.0,40
2,0,18,7,0,0.0,1,2.0,11
3,0,14,7,0,0.0,5,3.0,37
5,5,16,5,3,0.984375,7,0.8333333333333334,40
3,0,15,7,0,0.0,6,3.0,41
3,10,18,6,3,1.1875,7,0.2727272727272727,34
3,0,16,8,0,0.0,5,3.0,36
2,0,22,7,0,0.0,1,2.0,3
4,0,18,7,0,0.0,9,4.0,41
3,8,19,6,3,1.25,7,0.3333333333333333,26
6,0,16,7,0,0.0,12,6.0,41
1,7,20,7,4,1.609375,0,0.125,0
5,0,20,8,0,0.0,10,5.0,32
6,0,20,7,0,0.0,15,6.0,28
2,2,16,9,1,0.1875,0,0.6666666666666666,0
3,0,19,7,0,0.0,7,3.0,27
5,0,18,7,0,0.0,9,5.0,31
4,2,19,6,1,0.1875,9,1.3333333333333333,30
6,0,18,8,0,0.0,13,6.0,37
1,3,16,7,2,0.484375,0,0.25,0
3,0,19,7,0,0.0,6,3.0,26
5,2,21,9,1,0.1875,11,1.6666666666666667,30
7,0,17,8,0,0.0,15,7.0,50
7,0,18,8,0,0.0,16,7.0,57
4,5,22,7,2,0.484375,10,0.6666666666666666,31
7,0,19,8,0,0.0,17,7.0,66
7,5,21,7,2,0.484375,19,1.1666666666666667,45
4,0,16,10,0,0.0,4,4.0,20
4,2,17,8,1,0.1875,4,1.3333333333333333,23
6,3,17,8,2,0.484375,8,1.5,28
8,2,19,6,1,0.1875,19,2.6666666666666665,62
8,2,20,9,1,0.1875,20,2.6666666666666665,48
8,5,20,7,2,0.484375,20,1.3333333333333333,45
7,3,16,8,2,0.484375,12,1.75,40
7,0,17,8,0,0.0,13,7.0,38
8,0,20,7,0,0.0,20,8.0,53
7,3,17,7,2,0.484375,13,1.75,33
4,6,17,7,2,0.6875,3,0.5714285714285714,38
7,3,18,7,2,0.484375,14,1.75,41
6,6,16,7,2,0.6875,6,0.8571428571428571,38
6,3,17,7,2,0.484375,7,1.5,41
6,32,0,0,4,0.0,0,0.18181818181818182,0
2,26,0,1,4,1.9375,0,0.07407407407407407,0
3,11,0,4,4,3.234375,0,0.25,0
5,24,0,2,4,3.0,0,0.2,0
8,19,0,3,4,3.484375,0,0.4,0
4,0,0,7,0,0.0,0,4.0,5
3,8,1,5,4,2.0,0,0.3333333333333333,0
6,11,1,4,4,3.234375,1,0.5,0
5,2,0,6,2,0.4375,0,1.6666666666666667,2
5,5,2,6,4,1.734375,0,0.8333333333333334,0
7,2,1,6,2,0.4375,1,2.3333333333333335,11
5,1,4,6,1,0.109375,1,2.5,7
6,2,2,6,2,0.4375,1,2.0,5
5,1,3,6,1,0.109375,0,2.5,6
2,6,6,5,4,1.6875,0,0.2857142857142857,4
3,3,5,7,2,0.484375,0,0.75,0
2,0,6,6,0,0.0,1,2.0,3
1,0,5,8,0,0.0,0,1.0,3
5,5,4,6,4,1.734375,1,0.8333333333333334,4
5,3,4,7,2,0.484375,2,1.25,5
8,1,2,6,1,0.109375,2,4.0,18
1,0,2,7,0,0.0,0,1.0,3
3,3,4,7,3,0.984375,0,0.75,0
8,6,5,5,4,1.6875,5,1.1428571428571428,31
5,11,4,6,3,1.984375,1,0.4166666666666667,5
4,2,3,8,1,0.1875,0,1.3333333333333333,2
4,2,4,8,1,0.1875,1,1.3333333333333333,9
5,3,5,7,3,0.984375,2,1.25,15
7,5,3,6,4,1.734375,1,1.1666666666666667,18
3,1,5,6,1,0.109375,0,1.5,8
4,0,3,7,0,0.0,0,4.0,5
2,0,5,6,0,0.0,0,2.0,8
6,1,5,7,1,0.109375,2,3.0,18
8,0,6,8,0,0.0,6,8.0,21
5,0,4,6,0,0.0,2,5.0,4
1,3,7,6,1,0.234375,0,0.25,0
4,0,6,6,0,0.0,2,4.0,9
4,5,5,5,2,0.484375,2,0.6666666666666666,8
7,1,4,6,1,0.109375,3,3.5,20
7,5,6,5,2,0.484375,6,1.1666666666666667,12
8,0,6,6,0,0.0,6,8.0,12
1,2,8,7,2,0.4375,0,0.3333333333333333,0
4,0,8,6,0,0.0,3,4.0,21
6,0,9,6,0,0.0,5,6.0,25
4,0,10,7,0,0.0,2,4.0,17
5,2,7,7,2,0.4375,1,1.6666666666666667,15
2,0,8,7,0,0.0,0,2.0,15
7,0,7,6,0,0.0,6,7.0,24
1,0,17,6,0,0.0,0,1.0,1
5,8,7,6,3,1.0,2,0.5555555555555556,28
6,8,8,6,3,1.0,4,0.6666666666666666,30
7,6,7,6,3,0.9375,6,1.0,21
2,1,12,6,1,0.109375,2,1.0,23
8,10,7,6,4,1.4375,7,0.7272727272727273,26
1,0,18,7,0,0.0,1,1.0,16
2,1,11,6,1,0.109375,1,1.0,19
1,0,16,7,0,0.0,0,1.0,12
5,1,13,6,1,0.109375,7,2.5,29
1,0,20,7,0,0.0,2,1.0,16
1,0,20,7,0,0.0,3,1.0,19
5,1,14,6,1,0.109375,8,2.5,33
2,1,16,6,1,0.109375,3,1.0,26
2,8,16,6,3,1.0,4,0.2222222222222222,20
8,0,9,7,0,0.0,9,8.0,32
3,0,16,6,0,0.0,4,3.0,28
1,0,22,7,0,0.0,4,1.0,17
5,2,16,6,2,0.4375,11,1.6666666666666667,33
2,11,26,6,3,1.234375,6,0.16666666666666666,13
4,0,17,7,0,0.0,8,4.0,37
2,1,26,7,1,0.109375,6,1.0,11
1,0,26,10,0,0.0,2,1.0,4
6,1,15,6,1,0.109375,11,3.0,38
4,1,17,6,1,0.109375,5,2.0,38
7,1,16,6,1,0.109375,14,3.5,40
3,0,22,8,0,0.0,8,3.0,33
1,1,25,8,1,0.109375,0,0.5,0
3,0,25,10,0,0.0,8,3.0,25
5,0,19,7,0,0.0,14,5.0,38
5,0,21,7,0,0.0,16,5.0,41
3,10,23,5,3,0.9375,10,0.2727272727272727,35
2,1,24,9,1,0.109375,1,1.0,8
4,0,24,8,0,0.0,11,4.0,39
1,4,25,8,2,0.75,0,0.2,0
2,7,24,8,3,0.859375,5,0.25,23
7,0,21,8,0,0.0,17,7.0,36
3,2,23,11,2,0.4375,6,1.0,24
5,7,25,8,3,0.859375,18,0.625,38
1,0,21,9,0,0.0,0,1.0,4
5,0,25,8,0,0.0,17,5.0,41
8,5,23,6,2,0.484375,23,1.3333333333333333,54
4,0,24,10,0,0.0,11,4.0,44
8,10,24,5,3,0.9375,24,0.7272727272727273,51
6,8,25,10,3,1.0,19,0.6666666666666666,44
3,5,22,8,2,0.484375,5,0.5,29
8,2,23,6,2,0.4375,23,2.6666666666666665,58
4,1,23,9,1,0.109375,10,2.0,37
3,6,25,7,2,0.6875,8,0.42857142857142855,38
8,0,23,8,0,0.0,23,8.0,59
3,1,22,9,1,0.109375,6,1.5,30
2,0,21,10,0,0.0,0,2.0,34
5,5,21,9,3,0.984375,14,0.8333333333333334,43
5,5,22,9,3,0.984375,15,0.8333333333333334,48
4,0,22,10,0,0.0,8,4.0,37
8,1,21,9,1,0.109375,21,4.0,45
8,6,24,7,2,0.6875,24,1.1428571428571428,45
7,1,26,8,1,0.109375,20,3.5,50
5,5,22,8,3,0.984375,12,0.8333333333333334,38
6,0,22,9,0,0.0,15,6.0,38
6,11,23,7,3,0.734375,15,0.5,43
5,0,21,10,0,0.0,12,5.0,40
3,16,0,3,4,4.0,0,0.17647058823529413,0
1,13,1,4,4,3.484375,0,0.07142857142857142,0
4,32,0,0,4,0.0,0,0.12121212121212122,0
8,13,0,4,4,3.484375,0,0.5714285714285714,0
7,28,0,1,4,1.75,0,0.2413793103448276,0
5,28,1,1,4,1.75,0,0.1724137931034483,0
4,4,1,6,4,1.75,0,0.8,0
5,1,2,7,1,0.109375,0,2.5,1
2,0,2,7,0,0.0,0,2.0,1
1,4,3,5,3,1.0,0,0.2,0
8,8,0,6,4,2.25,0,0.8888888888888888,0
6,4,0,6,4,1.75,0,1.2,8
8,0,1,7,0,0.0,1,8.0,6
2,6,0,6,4,1.6875,0,0.2857142857142857,0
1,0,5,7,0,0.0,1,1.0,4
1,0,9,7,0,0.0,2,1.0,2
5,4,0,7,3,1.0,0,1.0,1
2,0,6,7,0,0.0,2,2.0,9
1,1,4,8,1,0.109375,0,0.5,0
4,0,4,7,0,0.0,2,4.0,6
1,0,0,7,0,0.0,0,1.0,9
4,0,1,7,0,0.0,1,4.0,8
3,5,5,8,3,0.984375,0,0.5,6
5,0,3,7,0,0.0,2,5.0,8
8,0,2,7,0,0.0,2,8.0,9
1,1,8,9,1,0.109375,0,0.5,0
2,1,4,9,1,0.109375,1,1.0,1
6,6,5,8,4,1.6875,2,0.8571428571428571,17
4,5,4,8,3,0.984375,0,0.6666666666666666,0
3,4,9,8,3,1.0,0,0.6,0
1,6,9,7,4,1.6875,0,0.14285714285714285,1
8,0,8,7,0,0.0,8,8.0,23
2,2,8,7,1,0.1875,0,0.6666666666666666,0
5,1,6,9,1,0.109375,1,2.5,16
1,3,6,6,2,0.484375,0,0.25,0
7,0,7,7,0,0.0,6,7.0,25
5,3,8,8,1,0.234375,2,1.25,12
4,2,7,7,1,0.1875,0,1.3333333333333333,4
7,1,5,9,1,0.109375,3,3.5,26
7,1,7,9,1,0.109375,5,3.5,29
1,1,10,5,1,0.109375,0,0.5,0
8,1,3,8,1,0.109375,3,4.0,27
5,2,6,7,1,0.1875,2,1.6666666666666667,21
4,7,6,5,4,1.609375,0,0.5,11
8,4,8,8,3,1.0,8,1.6,34
1,0,11,6,0,0.0,0,1.0,6
5,0,5,7,0,0.0,1,5.0,20
1,1,9,8,1,0.109375,0,0.5,0
1,0,9,7,0,0.0,1,1.0,4
6,10,6,5,4,1.6875,2,0.5454545454545454,20
5,7,7,5,4,1.609375,3,0.625,21
1,0,10,6,0,0.0,1,1.0,6
5,1,7,5,1,0.109375,4,2.5,21
5,1,9,5,1,0.109375,5,2.5,18
4,0,11,6,0,0.0,3,4.0,11
1,9,9,7,4,2.859375,0,0.1,2
4,0,10,6,0,0.0,1,4.0,14
1,11,8,7,4,1.984375,0,0.08333333333333333,1
2,0,10,7,0,0.0,2,2.0,14
2,4,9,8,2,0.5,1,0.4,9
4,1,11,6,1,0.109375,5,2.0,16
8,1,8,5,1,0.109375,8,4.0,28
7,1,7,5,1,0.109375,6,3.5,26
1,1,7,9,1,0.109375,0,0.5,0
5,6,9,7,3,1.1875,6,0.7142857142857143,16
3,6,8,7,3,1.1875,3,0.42857142857142855,8
2,0,8,9,0,0.0,2,2.0,17
6,5,7,7,3,0.984375,6,1.0,10
8,5,9,8,3,0.984375,9,1.3333333333333333,21
3,0,3,8,0,0.0,2,3.0,2
3,5,8,7,3,0.984375,4,0.5,12
3,0,7,9,0,0.0,4,3.0,7
2,4,2,8,2,0.5,0,0.4,1
2,1,8,9,1,0.109375,2,1.0,11
3,0,6,9,0,0.0,3,3.0,6
2,3,3,8,2,0.484375,1,0.5,2
5,7,4,8,2,0.609375,3,0.625,3
1,0,1,8,0,0.0,0,1.0,1
3,4,3,8,2,0.5,2,0.6,6
5,0,2,8,0,0.0,2,5.0,5
5,7,5,8,2,0.609375,4,0.625,7
3,6,2,7,2,0.6875,0,0.42857142857142855,4
5,11,2,7,4,1.484375,1,0.4166666666666667,7
7,7,3,8,2,0.609375,3,0.875,6
4,1,3,8,1,0.109375,1,2.0,5
2,3,5,6,3,0.984375,1,0.5,0
1,3,3,6,3,0.984375,0,0.25,0
1,1,9,7,1,0.109375,0,0.5,0
2,5,5,7,2,0.484375,0,0.3333333333333333,0
3,8,6,7,3,1.25,0,0.3333333333333333,6
8,1,2,8,1,0.109375,2,4.0,11
2,11,10,6,4,1.734375,1,0.16666666666666666,4
7,1,4,8,1,0.109375,3,3.5,12
2,1,10,7,1,0.109375,0,1.0,2
8,3,4,6,3,0.984375,4,2.0,23
7,4,5,7,2,0.75,4,1.4,15
2,1,7,7,1,0.109375,0,1.0,4
1,3,13,6,2,0.484375,0,0.25,0
3,1,8,8,1,0.109375,1,1.5,4
4,8,6,6,3,1.5,1,0.4444444444444444,23
3,3,12,6,1,0.234375,3,0.75,14
8,5,4,7,2,0.484375,4,1.3333333333333333,26
4,1,8,7,1,0.109375,3,2.0,27
2,1,11,7,1,0.109375,1,1.0,7
7,8,5,7,3,1.25,2,0.7777777777777778,19
5,8,7,6,3,1.5,2,0.5555555555555556,23
5,0,9,8,0,0.0,5,5.0,26
5,1,10,8,1,0.109375,7,2.5,27
4,1,9,8,1,0.109375,4,2.0,27
6,3,12,6,2,0.484375,9,1.5,24
7,32,0,0,4,0.0,0,0.21212121212121213,0
2,32,1,0,4,0.0,0,0.06060606060606061,0
2,20,0,2,4,3.0,0,0.09523809523809523,0
5,23,0,2,4,2.859375,0,0.20833333333333334,0
5,14,0,4,4,2.6875,0,0.3333333333333333,0
4,6,1,6,4,1.9375,0,0.5714285714285714,0
7,18,0,3,4,3.4375,0,0.3684210526315789,0
4,20,1,2,4,3.0,1,0.19047619047619047,0
3,9,0,5,4,2.859375,0,0.3,0
8,6,0,6,4,1.9375,0,1.1428571428571428,13
7,2,1,7,2,0.4375,0,2.3333333333333335,8
3,2,5,7,2,0.4375,0,1.0,2
5,2,3,7,2,0.4375,0,1.6666666666666667,4
6,2,4,7,2,0.4375,1,2.0,10
4,4,3,6,3,1.0,1,0.8,1
3,4,4,6,2,0.75,0,0.6,4
3,4,2,6,3,1.0,0,0.6,0
7,2,2,7,2,0.4375,1,2.3333333333333335,13
2,6,5,6,3,1.1875,0,0.2857142857142857,1
1,0,8,8,0,0.0,1,1.0,2
4,4,3,6,2,0.75,1,0.8,8
4,3,2,7,2,0.484375,2,1.0,5
2,4,5,6,2,0.75,0,0.4,3
7,3,4,7,2,0.484375,4,1.75,6
1,3,3,7,2,0.484375,0,0.25,4
5,0,4,8,0,0.0,3,5.0,7
4,0,7,8,0,0.0,3,4.0,5
2,2,8,7,2,0.4375,0,0.6666666666666666,0
2,0,8,8,0,0.0,0,2.0,1
4,5,9,7,3,1.234375,5,0.6666666666666666,7
7,0,5,8,0,0.0,5,7.0,14
7,0,6,8,0,0.0,6,7.0,16
3,8,6,8,3,1.25,0,0.3333333333333333,17
3,4,6,8,3,1.0,1,0.6,20
4,2,5,9,1,0.1875,2,1.3333333333333333,18
7,1,6,8,1,0.109375,6,3.5,22
3,2,7,7,2,0.4375,3,1.0,19
1,0,7,8,0,0.0,1,1.0,9
3,1,7,8,1,0.109375,2,1.5,22
1,2,9,7,1,0.1875,0,0.3333333333333333,4
6,11,6,7,4,1.984375,4,0.5,16
1,0,6,8,0,0.0,0,1.0,5
2,0,6,10,0,0.0,0,2.0,3
5,4,5,9,2,0.5,2,1.0,2
3,6,6,7,3,1.1875,3,0.42857142857142855,14
1,1,5,8,1,0.109375,0,0.5,0
7,0,8,7,0,0.0,8,7.0,12
3,4,6,9,2,0.5,1,0.6,11
3,0,9,7,0,0.0,6,3.0,9
4,4,8,6,2,0.5,7,0.8,12
1,1,7,8,1,0.109375,1,0.5,4
2,7,4,7,3,1.109375,0,0.25,6
7,0,5,10,0,0.0,5,7.0,18
6,4,10,6,3,1.0,8,1.2,12
1,1,5,8,1,0.109375,0,0.5,0
5,1,6,8,1,0.109375,3,2.5,5
2,7,4,8,3,1.609375,1,0.25,4
2,0,3,9,0,0.0,0,2.0,4
1,0,1,8,0,0.0,0,1.0,2
6,7,5,7,3,1.109375,3,0.75,17
2,9,4,6,3,1.359375,1,0.2,1
6,1,3,9,1,0.109375,2,3.0,4
7,11,6,7,3,1.734375,6,0.5833333333333334,18
5,0,3,8,0,0.0,1,5.0,2
3,2,3,7,2,0.4375,1,1.0,6
2,1,7,8,1,0.109375,0,1.0,3
2,1,4,9,1,0.109375,1,1.0,3
4,1,6,8,1,0.109375,3,2.0,10
3,1,5,8,1,0.109375,2,1.5,11
5,0,2,8,0,0.0,1,5.0,11
7,0,0,8,0,0.0,0,7.0,10
6,2,4,7,2,0.4375,3,2.0,11
2,1,7,7,1,0.109375,1,1.0,4
3,1,4,8,1,0.109375,1,1.5,10
4,6,6,6,4,1.9375,4,0.5714285714285714,11
1,2,5,7,2,0.4375,0,0.3333333333333333,0
4,6,3,6,3,0.9375,2,0.5714285714285714,5
3,5,4,6,2,0.734375,1,0.5,5
6,5,5,6,2,0.734375,3,1.0,7
8,0,4,8,0,0.0,4,8.0,15
4,9,5,7,3,1.359375,1,0.4,7
3,2,2,7,1,0.1875,0,1.0,8
2,1,3,7,1,0.109375,0,1.0,6
1,0,4,6,0,0.0,0,1.0,4
3,6,4,5,3,0.9375,1,0.42857142857142855,10
8,2,3,7,2,0.4375,3,2.6666666666666665,7
2,0,5,9,0,0.0,0,2.0,1
3,4,7,5,2,0.75,4,0.6,7
6,2,6,7,2,0.4375,4,2.0,13
4,0,5,6,0,0.0,4,4.0,8
1,4,6,5,2,0.75,1,0.2,7
4,0,4,7,0,0.0,4,4.0,3
4,12,6,5,3,1.75,6,0.3076923076923077,8
3,0,4,9,0,0.0,2,3.0,10
3,12,7,5,3,1.75,4,0.23076923076923078,8
2,2,6,9,1,0.1875,0,0.6666666666666666,0
3,9,7,7,3,0.859375,3,0.3,8
3,1,6,8,1,0.109375,2,1.5,8
5,0,6,9,0,0.0,5,5.0,13
3,12,5,5,3,1.75,3,0.23076923076923078,6
1,11,11,7,3,1.234375,0,0.08333333333333333,0
7,4,4,8,2,0.5,4,1.4,13
6,2,6,9,2,0.4375,4,2.0,11
2,2,9,9,2,0.4375,0,0.6666666666666666,0
3,2,7,9,2,0.4375,3,1.0,8
2,3,9,9,3,0.984375,0,0.5,9
3,11,10,7,3,1.234375,4,0.25,9
6,2,8,9,2,0.4375,6,2.0,16
6,0,9,10,0,0.0,7,6.0,16
7,0,6,9,0,0.0,6,7.0,16
3,28,1,1,4,1.75,1,0.10344827586206896,0
1,28,0,1,4,1.75,0,0.034482758620689655,0
2,26,0,3,4,1.6875,0,0.07407407407407407,0
1,24,0,3,4,3.0,0,0.04,0
4,32,0,0,4,0.0,0,0.12121212121212122,0
7,24,0,4,4,2.25,0,0.28,0
3,15,0,6,4,3.609375,0,0.1875,0
7,7,0,8,4,2.359375,0,0.875,0
2,24,1,4,4,2.25,0,0.08,0
2,3,1,6,2,0.484375,0,0.5,0
6,8,1,5,4,2.25,1,0.6666666666666666,2
5,12,0,7,4,3.75,0,0.38461538461538464,0
5,2,1,7,2,0.4375,0,1.6666666666666667,1
5,8,0,5,4,2.25,0,0.5555555555555556,0
8,12,3,5,4,2.5,3,0.6153846153846154,7
3,2,3,6,1,0.1875,1,1.0,6
7,3,2,6,2,0.484375,2,1.75,3
2,12,2,5,4,2.5,0,0.15384615384615385,2
3,8,5,5,4,2.25,1,0.3333333333333333,5
5,0,3,7,0,0.0,1,5.0,7
4,2,4,6,2,0.4375,1,1.3333333333333333,7
8,2,5,6,1,0.1875,5,2.6666666666666665,13
8,2,2,6,1,0.1875,2,2.6666666666666665,14
3,5,5,5,4,1.734375,2,0.5,9
3,0,4,7,0,0.0,1,3.0,4
3,0,5,7,0,0.0,2,3.0,3
2,2,6,7,2,0.4375,0,0.6666666666666666,0
1,2,6,8,1,0.1875,0,0.3333333333333333,0
2,1,6,9,1,0.109375,0,1.0,1
4,7,5,6,3,1.359375,2,0.5,3
1,1,6,8,1,0.109375,0,0.5,0
8,7,6,5,4,1.859375,6,1.0,16
6,7,4,6,3,1.359375,2,0.75,10
7,1,5,8,1,0.109375,2,3.5,24
8,1,4,8,1,0.109375,4,4.0,13
1,1,10,6,1,0.109375,0,0.5,0
3,0,6,8,0,0.0,0,3.0,8
5,2,4,7,2,0.4375,0,1.6666666666666667,16
1,0,12,8,0,0.0,0,1.0,2
1,0,7,7,0,0.0,0,1.0,3
7,2,6,7,2,0.4375,5,2.3333333333333335,21
3,8,6,7,4,2.25,1,0.3333333333333333,20
2,9,14,6,3,0.859375,1,0.2,2
7,10,7,6,3,1.9375,5,0.6363636363636364,19
4,0,6,7,0,0.0,1,4.0,25
1,9,13,6,3,0.859375,0,0.1,0
8,2,5,7,2,0.4375,5,2.6666666666666665,24
3,1,11,7,1,0.109375,1,1.5,1
3,1,12,7,1,0.109375,2,1.5,15
2,0,9,8,0,0.0,0,2.0,3
5,1,9,6,1,0.109375,3,2.5,21
4,1,9,7,1,0.109375,3,2.0,15
3,9,13,6,3,1.609375,2,0.3,14
4,2,8,6,1,0.1875,3,1.3333333333333333,22
4,9,14,6,3,1.609375,6,0.4,22
8,5,8,6,1,0.234375,8,1.3333333333333333,29
3,4,11,7,1,0.25,2,0.6,3
1,0,10,8,0,0.0,0,1.0,5
8,5,9,6,1,0.234375,9,1.3333333333333333,40
7,14,13,5,4,1.9375,10,0.4666666666666667,29
5,1,10,7,1,0.109375,5,2.5,29
1,0,23,6,0,0.0,1,1.0,3
1,4,15,7,2,0.5,0,0.2,11
5,0,10,8,0,0.0,6,5.0,22
8,14,14,5,4,1.9375,14,0.5333333333333333,32
5,8,12,6,2,0.25,8,0.5555555555555556,24
5,8,13,6,2,0.25,9,0.5555555555555556,24
3,0,11,8,0,0.0,2,3.0,27
2,7,19,6,4,1.609375,1,0.25,9
4,0,9,8,0,0.0,2,4.0,19
1,2,20,7,2,0.4375,0,0.3333333333333333,0
3,7,20,6,4,1.609375,5,0.375,22
3,8,20,5,4,2.25,6,0.3333333333333333,23
3,0,14,8,0,0.0,3,3.0,28
3,0,10,8,0,0.0,1,3.0,28
4,3,15,7,2,0.484375,6,1.0,28
1,1,18,9,1,0.109375,0,0.5,0
7,0,13,8,0,0.0,10,7.0,37
8,0,12,8,0,0.0,12,8.0,27
2,6,17,7,3,1.1875,0,0.2857142857142857,6
4,0,17,8,0,0.0,6,4.0,32
3,0,22,6,0,0.0,7,3.0,30
3,0,21,7,0,0.0,7,3.0,32
7,0,15,8,0,0.0,12,7.0,41
3,4,21,9,2,0.75,2,0.6,15
8,0,16,8,0,0.0,16,8.0,40
5,5,19,7,2,0.734375,12,0.8333333333333334,41
5,5,18,7,2,0.734375,11,0.8333333333333334,41
1,1,16,6,1,0.109375,0,0.5,0
2,0,19,7,0,0.0,1,2.0,11
3,3,20,7,3,0.984375,3,0.75,15
1,0,18,7,0,0.0,0,1.0,12
2,0,20,7,0,0.0,2,2.0,12
7,8,19,5,4,2.25,16,0.7777777777777778,47
4,0,20,8,0,0.0,10,4.0,45
7,8,21,5,4,2.25,18,0.7777777777777778,52
5,0,19,10,0,0.0,8,5.0,33
6,1,16,9,1,0.109375,8,3.0,38
7,8,22,5,4,2.25,19,0.7777777777777778,63
7,3,20,9,2,0.484375,18,1.75,52
7,0,20,7,0,0.0,18,7.0,61
7,1,17,9,1,0.109375,16,3.5,53
7,5,16,8,4,1.734375,15,1.1666666666666667,52
4,0,20,10,0,0.0,4,4.0,46
7,0,16,7,0,0.0,13,7.0,41
8,1,19,9,1,0.109375,19,4.0,61
6,0,17,7,0,0.0,6,6.0,42
4,0,20,7,0,0.0,6,4.0,46
8,0,20,8,0,0.0,20,8.0,62
8,0,19,10,0,0.0,19,8.0,66
4,32,0,0,4,0.0,0,0.12121212121212122,0
7,27,1,2,4,1.734375,1,0.25,0
1,28,0,1,4,1.75,0,0.034482758620689655,0
6,9,0,5,4,2.859375,0,0.6,0
7,27,0,2,4,1.734375,0,0.25,0
7,7,1,6,4,2.359375,0,0.875,0
5,7,2,5,4,1.609375,0,0.625,0
4,27,2,2,4,1.734375,0,0.14285714285714285,0
5,7,1,5,4,2.359375,0,0.625,0
2,2,1,6,2,0.4375,0,0.6666666666666666,0
8,0,1,7,0,0.0,1,8.0,3
1,16,3,4,4,2.5,0,0.058823529411764705,3
8,9,1,5,4,2.859375,1,0.8,12
4,2,2,6,1,0.1875,0,1.3333333333333333,4
4,16,0,3,4,2.75,0,0.23529411764705882,0
7,16,1,3,4,2.75,1,0.4117647058823529,0
4,19,0,3,4,2.734375,0,0.2,0
6,5,0,5,4,1.734375,0,1.0,4
2,0,2,6,0,0.0,1,2.0,2
1,3,1,7,2,0.484375,0,0.25,0
2,0,1,6,0,0.0,0,2.0,2
5,5,1,5,4,1.734375,0,0.8333333333333334,0
3,12,3,4,4,2.5,2,0.23076923076923078,2
6,12,0,5,4,1.75,0,0.46153846153846156,0
6,6,1,6,3,1.1875,1,0.8571428571428571,3
4,8,0,5,3,1.0,0,0.4444444444444444,0
3,4,1,6,3,1.0,0,0.6,0
4,15,0,5,4,2.359375,0,0.25,0
8,6,1,6,4,1.9375,1,1.1428571428571428,3
6,4,0,6,3,1.0,0,1.2,4
1,9,3,5,4,2.359375,0,0.1,0
2,9,4,5,4,2.359375,1,0.2,1
4,6,2,6,4,1.9375,0,0.5714285714285714,4
2,0,4,8,0,0.0,0,2.0,4
7,0,2,7,0,0.0,1,7.0,10
4,0,2,8,0,0.0,0,4.0,3
7,6,3,6,3,1.6875,3,1.0,9
5,0,3,8,0,0.0,1,5.0,5
3,4,5,7,2,0.5,1,0.6,14
2,4,6,7,2,0.5,1,0.4,15
3,0,7,8,0,0.0,3,3.0,13
1,0,6,8,0,0.0,0,1.0,8
2,0,9,8,0,0.0,2,2.0,15
7,0,6,8,0,0.0,6,7.0,16
1,0,13,8,0,0.0,1,1.0,14
4,0,8,8,0,0.0,4,4.0,10
7,7,5,7,4,2.359375,5,0.875,16
3,0,12,8,0,0.0,6,3.0,15
3,0,10,8,0,0.0,5,3.0,14
1,7,19,7,4,2.359375,1,0.125,7
3,0,15,8,0,0.0,8,3.0,18
2,0,18,8,0,0.0,2,2.0,23
7,0,5,8,0,0.0,5,7.0,30
2,5,20,7,2,0.734375,3,0.3333333333333333,18
1,5,22,7,2,0.484375,0,0.16666666666666666,5
3,0,19,10,0,0.0,4,3.0,19
3,0,16,8,0,0.0,9,3.0,21
5,0,17,8,0,0.0,11,5.0,24
8,0,7,8,0,0.0,7,8.0,31
6,0,11,8,0,0.0,7,6.0,38
1,4,20,7,3,1.0,0,0.2,0
2,1,17,9,1,0.109375,0,1.0,3
2,8,21,7,4,2.25,2,0.2222222222222222,10
3,0,20,8,0,0.0,4,3.0,9
3,0,21,8,0,0.0,5,3.0,10
7,0,14,8,0,0.0,13,7.0,44
6,3,20,6,2,0.484375,13,1.5,44
7,3,18,6,2,0.484375,17,1.75,42
6,3,21,6,2,0.484375,14,1.5,52
3,2,17,8,1,0.1875,0,1.0,7
8,3,19,6,2,0.484375,19,2.0,55
4,1,17,8,1,0.109375,1,2.0,16
5,4,19,7,2,0.5,10,1.0,54
6,0,20,8,0,0.0,14,6.0,57
6,0,19,8,0,0.0,13,6.0,54
6,7,18,7,4,1.859375,10,0.75,26
5,0,21,8,0,0.0,10,5.0,58
6,5,21,7,2,0.734375,16,1.0,55
5,8,17,7,3,1.25,3,0.5555555555555556,27
4,4,19,6,1,0.25,3,0.8,28
2,4,22,5,3,1.0,0,0.4,8
4,1,18,8,1,0.109375,2,2.0,21
5,1,19,7,1,0.109375,6,2.5,30
5,0,19,6,0,0.0,6,5.0,21
8,0,20,10,0,0.0,20,8.0,74
5,3,21,6,3,0.984375,7,1.25,28
7,0,18,10,0,0.0,16,7.0,69
3,4,23,5,3,1.0,2,0.6,17
3,0,20,6,0,0.0,0,3.0,22
7,1,21,9,1,0.109375,17,3.5,79
6,6,22,5,3,0.9375,13,0.8571428571428571,36
3,0,23,6,0,0.0,3,3.0,25
7,4,18,7,2,0.5,15,1.4,69
7,5,21,7,2,0.484375,17,1.1666666666666667,78
3,6,24,5,2,0.4375,4,0.42857142857142855,27
8,0,20,10,0,0.0,20,8.0,79
4,0,20,6,0,0.0,3,4.0,31
2,6,25,5,2,0.4375,1,0.2857142857142857,33
7,0,21,6,0,0.0,17,7.0,56
6,8,21,4,4,1.75,13,0.6666666666666666,53
8,4,17,7,1,0.25,17,1.6,72
8,3,20,6,3,0.984375,20,2.0,59
6,0,23,6,0,0.0,13,6.0,57
6,0,22,6,0,0.0,12,6.0,53
7,0,19,6,0,0.0,15,7.0,56
5,0,21,6,0,0.0,8,5.0,57
6,1,25,7,1,0.109375,14,3.0,54
5,1,24,7,1,0.109375,9,2.5,54
5,6,26,6,3,0.9375,10,0.7142857142857143,56
7,0,24,7,0,0.0,20,7.0,54
2,16,0,3,4,4.0,0,0.11764705882352941,0
6,30,0,1,4,0.4375,0,0.1935483870967742,0
2,32,0,0,4,0.0,0,0.06060606060606061,0
8,24,0,2,4,3.0,0,0.32,0
1,1,7,6,1,0.109375,1,0.5,2
5,14,0,4,4,3.4375,0,0.3333333333333333,0
1,2,5,5,2,0.4375,0,0.3333333333333333,0
5,9,1,5,4,2.859375,1,0.5,4
5,9,0,5,4,2.859375,0,0.5,0
7,4,1,6,4,1.75,1,1.4,4
7,4,2,6,4,1.75,2,1.4,9
6,6,4,5,4,1.9375,1,0.8571428571428571,14
1,1,6,6,1,0.109375,0,0.5,0
7,0,8,7,0,0.0,5,7.0,11
4,7,4,5,4,1.859375,0,0.5,14
4,7,5,5,4,1.859375,1,0.5,15
8,4,3,6,4,1.75,3,1.6,18
2,0,8,8,0,0.0,0,2.0,5
4,8,9,6,4,3.0,3,0.4444444444444444,12
2,0,9,7,0,0.0,1,2.0,2
3,2,8,7,2,0.4375,0,1.0,3
7,0,9,8,0,0.0,6,7.0,17
6,5,9,6,4,1.734375,3,1.0,19
1,10,14,6,3,0.9375,0,0.09090909090909091,0
1,0,8,7,0,0.0,0,1.0,3
2,1,10,7,1,0.109375,0,1.0,1
4,0,11,8,0,0.0,4,4.0,19
8,0,7,7,0,0.0,7,8.0,37
8,1,5,6,1,0.109375,5,4.0,28
1,1,11,7,1,0.109375,0,0.5,0
7,6,7,6,2,0.6875,4,1.0,32
2,2,15,5,1,0.1875,0,0.6666666666666666,0
8,0,10,8,0,0.0,10,8.0,38
6,6,8,6,2,0.6875,3,0.8571428571428571,32
7,4,10,6,2,0.5,7,1.4,25
2,2,18,5,1,0.1875,1,0.6666666666666666,6
4,9,9,7,4,1.859375,0,0.4,29
1,2,16,7,2,0.4375,0,0.3333333333333333,0
5,7,8,6,3,1.109375,1,0.625,26
3,2,16,5,1,0.1875,1,1.0,1
6,2,11,7,2,0.4375,7,2.0,27
4,3,9,7,2,0.484375,1,1.0,31
4,1,9,7,1,0.109375,2,2.0,28
1,9,16,5,3,1.109375,0,0.1,0
6,4,11,6,2,0.5,6,1.2,28
3,2,12,8,2,0.4375,0,1.0,2
6,0,11,8,0,0.0,7,6.0,30
2,8,14,6,3,1.25,0,0.2222222222222222,0
4,1,14,8,1,0.109375,3,2.0,28
4,1,16,8,1,0.109375,4,2.0,33
5,10,13,6,3,0.9375,5,0.45454545454545453,30
8,1,13,8,1,0.109375,13,4.0,33
1,4,12,5,2,0.5,0,0.2,2
5,3,12,7,2,0.484375,4,1.25,30
3,3,12,6,1,0.234375,0,0.75,0
5,8,16,5,3,1.0,8,0.5555555555555556,31
6,1,15,8,1,0.109375,11,3.0,32
8,2,17,5,1,0.1875,17,2.6666666666666665,41
2,3,14,6,1,0.234375,0,0.5,5
4,3,13,6,1,0.234375,1,1.0,2
5,2,13,8,2,0.4375,6,1.6666666666666667,21
7,2,15,7,2,0.4375,13,2.3333333333333335,38
6,15,16,3,4,1.359375,13,0.375,38
2,0,13,7,0,0.0,1,2.0,11
1,5,16,5,2,0.734375,0,0.16666666666666666,2
7,1,16,6,1,0.109375,14,3.5,37
7,3,14,7,3,0.984375,12,1.75,35
3,3,15,5,2,0.484375,0,0.75,0
2,9,16,5,4,2.359375,2,0.2,14
6,8,15,6,3,1.25,9,0.6666666666666666,37
5,0,12,7,0,0.0,2,5.0,13
3,0,19,7,0,0.0,0,3.0,2
8,8,14,6,4,2.0,14,0.8888888888888888,35
1,3,17,5,2,0.484375,0,0.25,1
7,8,16,6,3,1.25,13,0.7777777777777778,42
8,4,13,5,2,0.5,13,1.6,41
7,9,15,5,4,2.359375,12,0.7,32
6,9,14,5,4,2.359375,6,0.6,30
7,1,13,7,1,0.109375,10,3.5,43
4,3,16,5,2,0.484375,1,1.0,13
6,6,15,6,2,0.6875,6,0.8571428571428571,36
8,1,15,7,1,0.109375,15,4.0,43
5,7,17,5,3,1.359375,4,0.625,41
2,2,19,5,2,0.4375,0,0.6666666666666666,0
8,7,16,5,3,1.359375,16,1.0,46
1,15,22,4,4,1.359375,0,0.0625,1
5,9,16,5,2,0.609375,3,0.5,37
5,0,17,6,0,0.0,5,5.0,41
5,9,14,6,2,0.859375,3,0.5,33
6,7,17,5,3,1.359375,9,0.75,41
7,0,13,7,0,0.0,10,7.0,33
4,0,17,7,0,0.0,1,4.0,35
7,0,14,7,0,0.0,11,7.0,39
3,0,19,5,0,0.0,0,3.0,21
7,0,18,7,0,0.0,15,7.0,48
5,2,18,6,2,0.4375,6,1.6666666666666667,39
6,0,16,7,0,0.0,8,6.0,45
4,0,16,5,0,0.0,1,4.0,38
7,0,15,5,0,0.0,13,7.0,42
5,0,17,5,0,0.0,7,5.0,46
7,2,18,6,1,0.1875,16,2.3333333333333335,44
6,0,14,5,0,0.0,9,6.0,42
7,0,18,5,0,0.0,16,7.0,50
6,2,19,6,1,0.1875,11,2.0,44
5,8,20,5,3,1.0,8,0.5555555555555556,47
8,6,20,5,2,0.6875,20,1.1428571428571428,48
8,2,20,6,1,0.1875,20,2.6666666666666665,49
8,7,20,5,3,1.359375,20,1.0,47
6,1,20,6,1,0.109375,11,3.0,49
8,2,21,6,1,0.1875,21,2.6666666666666665,59
3,32,0,0,4,0.0,0,0.09090909090909091,0
3,6,1,7,4,1.9375,1,0.42857142857142855,0
7,13,0,6,4,3.484375,0,0.5,0
1,14,0,5,4,3.4375,0,0.06666666666666667,0
3,6,0,7,4,1.9375,0,0.42857142857142855,0
4,29,0,1,4,0.984375,0,0.13333333333333333,0
2,25,1,2,4,2.359375,0,0.07692307692307693,0
2,16,0,4,4,4.0,0,0.11764705882352941,0
7,25,0,2,4,2.359375,0,0.2692307692307692,0
2,6,3,7,3,1.6875,0,0.2857142857142857,0
4,0,1,9,0,0.0,0,4.0,3
8,6,2,7,4,1.9375,2,1.1428571428571428,12
6,0,3,9,0,0.0,2,6.0,8
3,10,5,5,3,0.9375,0,0.2727272727272727,2
3,6,4,7,3,1.6875,1,0.42857142857142855,6
1,3,6,7,2,0.484375,0,0.25,0
6,3,2,8,3,0.984375,1,1.5,5
1,2,6,6,1,0.1875,0,0.3333333333333333,0
7,0,4,9,0,0.0,3,7.0,14
6,1,5,7,1,0.109375,2,3.0,8
2,3,5,7,2,0.484375,0,0.5,0
2,1,4,7,1,0.109375,0,1.0,2
2,8,8,8,3,1.25,0,0.2222222222222222,2
5,8,6,8,3,1.25,0,0.5555555555555556,4
6,7,5,8,4,1.859375,3,0.75,15
7,0,5,9,0,0.0,3,7.0,12
1,15,6,5,4,1.859375,0,0.0625,4
8,5,5,7,3,0.984375,5,1.3333333333333333,21
2,1,5,8,1,0.109375,1,1.0,6
6,2,5,6,1,0.1875,3,2.0,4
2,1,4,8,1,0.109375,0,1.0,7
4,4,5,6,3,1.0,0,0.8,0
2,2,5,6,2,0.4375,2,0.6666666666666666,4
8,10,6,5,3,0.9375,6,0.7272727272727273,29
1,7,5,4,4,1.609375,0,0.125,0
8,2,6,6,2,0.4375,6,2.6666666666666665,14
7,8,7,8,3,1.25,5,0.7777777777777778,23
6,2,6,6,1,0.1875,3,2.0,15
1,2,5,5,1,0.1875,0,0.3333333333333333,0
2,1,8,6,1,0.109375,0,1.0,3
5,4,6,6,3,1.0,1,1.0,19
6,3,5,6,2,0.484375,3,1.5,16
7,6,6,6,4,1.6875,4,1.0,22
3,2,6,5,1,0.1875,1,1.0,6
6,6,5,6,4,1.6875,2,0.8571428571428571,20
4,2,7,5,1,0.1875,2,1.3333333333333333,14
5,2,4,5,1,0.1875,1,1.6666666666666667,17
1,9,9,5,4,2.109375,0,0.1,1
5,1,7,6,1,0.109375,4,2.5,15
4,9,9,5,4,2.859375,3,0.4,15
4,13,8,5,4,2.234375,3,0.2857142857142857,18
1,4,9,6,2,0.5,0,0.2,3
3,5,10,6,4,1.734375,1,0.5,5
5,2,6,7,1,0.1875,5,1.6666666666666667,17
4,4,8,7,2,0.5,1,0.8,1
5,3,8,8,3,0.984375,3,1.25,12
4,8,9,7,4,1.75,0,0.4444444444444444,4
6,9,10,5,4,2.859375,9,0.6,18
6,0,8,8,0,0.0,6,6.0,12
2,8,10,7,4,1.75,0,0.2222222222222222,0
5,2,7,7,1,0.1875,6,1.6666666666666667,18
1,0,10,7,0,0.0,1,1.0,4
5,8,11,7,4,1.75,6,0.5555555555555556,13
5,3,9,8,3,0.984375,4,1.25,17
1,2,11,8,1,0.1875,0,0.3333333333333333,0
4,4,9,6,2,0.5,2,0.8,11
1,4,8,6,2,0.5,0,0.2,5
5,4,10,6,2,0.5,6,1.0,18
4,0,11,7,0,0.0,3,4.0,15
1,1,14,8,1,0.109375,0,0.5,0
8,2,8,7,1,0.1875,8,2.6666666666666665,32
6,3,9,8,3,0.984375,6,1.5,17
1,1,10,8,1,0.109375,0,0.5,0
6,0,10,7,0,0.0,7,6.0,18
4,1,13,8,1,0.109375,1,2.0,10
7,0,9,8,0,0.0,8,7.0,40
7,4,12,6,2,0.5,11,1.4,23
7,5,9,6,4,1.734375,8,1.1666666666666667,41
7,9,9,7,3,1.109375,7,0.7,25
7,0,9,9,0,0.0,7,7.0,19
3,0,14,5,0,0.0,0,3.0,1
1,0,13,5,0,0.0,0,1.0,1
1,0,17,6,0,0.0,0,1.0,2
4,0,14,5,0,0.0,1,4.0,12
8,6,11,8,4,1.6875,11,1.1428571428571428,29
6,9,10,7,3,1.109375,3,0.6,27
6,1,12,8,1,0.109375,6,3.0,36
4,0,15,6,0,0.0,1,4.0,14
6,1,11,8,1,0.109375,5,3.0,34
5,6,15,7,3,0.9375,1,0.7142857142857143,37
6,1,15,8,1,0.109375,8,3.0,40
2,4,21,6,2,0.5,0,0.4,4
8,0,12,9,0,0.0,12,8.0,42
8,5,15,8,2,0.484375,15,1.3333333333333333,49
7,1,14,9,1,0.109375,11,3.5,50
6,7,13,4,3,0.859375,5,0.75,42
7,0,14,6,0,0.0,11,7.0,46
4,0,18,7,0,0.0,2,4.0,16
7,4,14,5,2,0.5,11,1.4,46
7,4,15,4,2,0.5,12,1.4,46
7,0,14,6,0,0.0,11,7.0,46
8,0,13,6,0,0.0,13,8.0,41
6,7,14,4,3,0.859375,6,0.75,52
6,7,18,5,4,1.609375,9,0.75,45
7,0,17,7,0,0.0,13,7.0,46
8,7,20,6,3,0.859375,20,1.0,51
8,0,16,6,0,0.0,16,8.0,50
5,0,19,7,0,0.0,4,5.0,46
8,2,21,5,1,0.1875,21,2.6666666666666665,51
7,4,20,6,2,0.5,15,1.4,52
5,27,0,1,4,1.734375,0,0.17857142857142858,0
5,21,0,3,4,3.234375,0,0.22727272727272727,0
5,32,0,0,4,0.0,0,0.15151515151515152,0
1,27,1,1,4,1.734375,0,0.03571428571428571,0
1,16,0,4,4,4.0,0,0.058823529411764705,0
5,12,0,5,4,2.5,0,0.38461538461538464,0
4,5,0,6,4,1.734375,0,0.6666666666666666,0
2,7,0,5,3,0.859375,0,0.25,0
4,5,0,6,1,0.234375,0,0.6666666666666666,0
8,16,1,4,4,4.0,1,0.47058823529411764,0
7,7,0,6,4,2.359375,0,0.875,0
5,6,0,6,3,1.1875,0,0.7142857142857143,0
1,7,0,5,4,1.609375,0,0.125,0
1,1,0,7,1,0.109375,0,0.5,0
5,5,0,6,2,0.484375,0,0.8333333333333334,0
3,10,0,6,4,2.9375,0,0.2727272727272727,0
5,7,1,7,4,2.359375,1,0.625,0
5,7,2,7,4,2.359375,2,0.625,2
5,6,0,6,3,1.1875,0,0.7142857142857143,0
1,15,5,4,4,0.859375,0,0.0625,0
5,15,0,5,4,3.609375,0,0.3125,0
2,7,0,7,4,2.359375,0,0.25,0
7,0,0,9,0,0.0,0,7.0,3
3,2,2,7,1,0.1875,0,1.0,2
6,2,1,7,1,0.1875,0,2.0,1
1,3,4,7,2,0.484375,0,0.25,0
7,15,4,4,4,0.859375,3,0.4375,7
1,7,8,7,2,0.859375,0,0.125,2
2,7,7,7,2,0.859375,0,0.25,7
1,1,9,7,1,0.109375,0,0.5,0
6,6,3,6,3,1.1875,1,0.8571428571428571,9
8,3,3,7,2,0.484375,3,2.0,15
8,2,3,7,1,0.1875,3,2.6666666666666665,12
1,8,10,6,3,1.25,1,0.1111111111111111,3
8,7,6,7,2,0.859375,6,1.0,18
1,1,10,7,1,0.109375,1,0.5,4
6,7,5,7,2,0.859375,1,0.75,9
7,7,7,6,3,1.359375,4,0.875,17
4,0,8,7,0,0.0,2,4.0,23
7,2,4,8,1,0.1875,2,2.3333333333333335,18
3,8,8,6,2,0.5,1,0.3333333333333333,19
7,7,8,6,3,1.359375,5,0.875,20
1,0,15,6,0,0.0,0,1.0,8
4,3,9,6,3,0.984375,3,1.0,21
3,9,12,5,3,1.109375,1,0.3,15
4,6,10,7,2,0.9375,4,0.5714285714285714,24
1,0,16,6,0,0.0,1,1.0,11
6,1,11,6,1,0.109375,7,3.0,25
3,9,13,5,3,1.109375,2,0.3,20
4,0,10,7,0,0.0,6,4.0,25
7,2,11,6,2,0.4375,10,2.3333333333333335,26
3,11,15,4,3,0.984375,4,0.25,29
3,2,14,5,2,0.4375,4,1.0,28
3,9,14,5,3,1.109375,3,0.3,31
2,1,15,8,1,0.109375,1,1.0,10
5,8,12,5,3,1.25,5,0.5555555555555556,28
1,7,12,7,3,1.109375,1,0.125,6
7,8,15,4,4,2.0,13,0.7777777777777778,29
2,0,13,8,0,0.0,2,2.0,9
2,4,19,8,2,0.75,1,0.4,7
4,2,13,6,1,0.1875,8,1.3333333333333333,31
4,0,16,9,0,0.0,4,4.0,9
4,0,14,8,0,0.0,6,4.0,12
3,1,15,8,1,0.109375,3,1.5,10
7,0,15,7,0,0.0,12,7.0,33
2,1,18,9,1,0.109375,1,1.0,9
5,1,14,8,1,0.109375,6,2.5,18
1,6,18,7,3,1.1875,0,0.14285714285714285,0
1,0,18,9,0,0.0,0,1.0,4
3,4,18,8,2,0.5,3,0.6,17
6,5,16,7,2,0.484375,8,1.0,27
8,2,11,6,2,0.4375,11,2.6666666666666665,56
1,2,20,8,1,0.1875,1,0.3333333333333333,0
4,0,17,9,0,0.0,5,4.0,19
2,2,18,7,2,0.4375,0,0.6666666666666666,0
3,4,20,8,2,0.75,3,0.6,17
5,7,17,7,3,1.359375,7,0.625,28
3,0,17,9,0,0.0,3,3.0,20
6,6,19,7,3,1.1875,9,0.8571428571428571,21
4,8,20,8,3,1.25,6,0.4444444444444444,21
3,2,19,8,1,0.1875,5,1.0,21
3,3,19,8,1,0.234375,5,0.75,22
8,2,14,6,1,0.1875,14,2.6666666666666665,65
3,7,19,8,3,1.109375,5,0.375,21
5,2,18,8,1,0.1875,7,1.6666666666666667,23
7,1,16,8,1,0.109375,10,3.5,51
7,3,18,8,2,0.484375,12,1.75,52
6,8,19,8,3,1.25,10,0.6666666666666666,28
3,0,19,9,0,0.0,5,3.0,26
8,8,16,4,4,2.0,16,0.8888888888888888,77
8,7,13,7,3,1.109375,13,1.0,67
7,3,19,8,2,0.484375,13,1.75,57
4,2,18,7,1,0.1875,6,1.3333333333333333,33
7,2,17,7,1,0.1875,12,2.3333333333333335,39
5,8,17,7,3,1.25,7,0.5555555555555556,32
8,0,14,8,0,0.0,14,8.0,79
8,1,13,8,1,0.109375,13,4.0,74
3,5,17,6,3,1.234375,4,0.5,36
3,2,18,7,2,0.4375,4,1.0,43
6,0,17,7,0,0.0,8,6.0,41
4,0,20,7,0,0.0,6,4.0,39
4,2,17,7,2,0.4375,6,1.3333333333333333,43
7,5,18,6,2,0.734375,14,1.1666666666666667,43
5,0,18,7,0,0.0,7,5.0,41
6,0,19,7,0,0.0,10,6.0,50
3,5,17,6,2,0.734375,4,0.5,43
4,4,20,6,1,0.25,7,0.8,48
4,0,21,6,0,0.0,7,4.0,50
6,7,20,5,2,0.609375,11,0.75,50
7,7,21,5,2,0.609375,17,0.875,52
5,32,0,0,4,0.0,0,0.15151515151515152,0
2,27,1,1,4,1.734375,0,0.07142857142857142,0
1,20,0,3,4,3.75,0,0.047619047619047616,0
8,24,0,3,4,2.25,0,0.32,0
8,13,1,5,4,2.984375,1,0.5714285714285714,1
6,13,0,5,4,2.984375,0,0.42857142857142855,0
5,27,0,1,4,1.734375,0,0.17857142857142858,0
2,24,1,3,4,2.25,0,0.08,0
3,24,2,3,4,2.25,1,0.12,0
6,0,2,6,0,0.0,1,6.0,4
5,0,3,6,0,0.0,1,5.0,5
8,0,1,6,0,0.0,1,8.0,5
3,0,4,6,0,0.0,1,3.0,6
8,0,5,6,0,0.0,5,8.0,11
8,0,6,6,0,0.0,6,8.0,11
2,6,7,6,2,0.6875,0,0.2857142857142857,1
1,8,1,5,4,2.25,0,0.1111111111111111,6
2,3,8,6,2,0.484375,1,0.5,7
6,7,7,6,3,1.109375,2,0.75,2
8,0,7,6,0,0.0,7,8.0,17
3,2,4,7,2,0.4375,0,1.0,1
3,3,7,6,2,0.484375,1,0.75,3
8,0,9,6,0,0.0,9,8.0,23
3,3,3,7,3,0.984375,0,0.75,0
1,0,6,6,0,0.0,1,1.0,4
7,0,8,6,0,0.0,4,7.0,17
7,7,7,6,3,1.109375,3,0.875,23
5,8,5,5,2,0.75,2,0.5555555555555556,7
3,2,4,6,2,0.4375,0,1.0,5
1,8,6,5,2,0.75,0,0.1111111111111111,4
5,2,4,7,1,0.1875,0,1.6666666666666667,16
4,0,7,6,0,0.0,3,4.0,9
6,11,8,4,4,1.734375,6,0.5,10
2,7,3,6,3,1.609375,0,0.25,4
7,2,3,7,2,0.4375,2,2.3333333333333335,16
5,2,2,7,1,0.1875,0,1.6666666666666667,3
8,7,4,6,3,1.609375,4,1.0,13
5,0,3,8,0,0.0,1,5.0,3
2,2,4,7,1,0.1875,0,0.6666666666666666,0
2,7,4,6,3,1.609375,0,0.25,0
4,1,4,7,1,0.109375,1,2.0,4
8,7,5,6,3,1.609375,5,1.0,20
2,7,4,7,2,0.609375,0,0.25,1
1,1,5,7,1,0.109375,0,0.5,0
4,6,4,6,2,0.9375,0,0.5714285714285714,4
4,14,5,6,4,1.9375,0,0.26666666666666666,0
8,2,3,7,1,0.1875,3,2.6666666666666665,17
6,7,5,7,2,0.609375,1,0.75,4
7,1,3,8,1,0.109375,0,3.5,5
1,0,4,7,0,0.0,0,1.0,1
8,4,4,6,2,0.5,4,1.6,20
1,5,5,5,2,0.484375,0,0.16666666666666666,0
7,0,5,7,0,0.0,3,7.0,13
5,14,5,5,4,2.6875,0,0.3333333333333333,4
8,14,4,5,4,2.6875,4,0.5333333333333333,11
4,10,9,5,3,0.9375,0,0.36363636363636365,6
7,1,4,8,1,0.109375,1,3.5,18
1,2,10,6,2,0.4375,0,0.3333333333333333,0
6,0,6,7,0,0.0,2,6.0,19
4,2,8,6,2,0.4375,1,1.3333333333333333,14
8,12,7,5,4,2.25,7,0.6153846153846154,24
1,10,11,6,4,1.9375,0,0.09090909090909091,0
1,1,10,8,1,0.109375,0,0.5,0
1,7,10,5,4,2.359375,0,0.125,0
1,0,11,7,0,0.0,0,1.0,3
5,4,6,6,1,0.25,0,1.0,16
8,4,5,6,1,0.25,5,1.6,18
6,12,8,5,4,2.25,2,0.46153846153846156,18
3,5,11,6,2,0.484375,0,0.5,16
1,0,13,9,0,0.0,1,1.0,4
6,12,9,5,4,2.25,3,0.46153846153846156,30
1,1,10,7,1,0.109375,0,0.5,0
3,0,12,7,0,0.0,2,3.0,22
7,2,9,6,2,0.4375,7,2.3333333333333335,31
7,0,10,7,0,0.0,7,7.0,25
6,1,10,7,1,0.109375,6,3.0,29
1,0,11,9,0,0.0,0,1.0,3
8,0,9,7,0,0.0,9,8.0,30
4,0,12,9,0,0.0,5,4.0,19
1,0,13,7,0,0.0,0,1.0,2
2,0,15,9,0,0.0,3,2.0,17
7,10,11,5,4,2.6875,9,0.6363636363636364,29
2,0,14,9,0,0.0,2,2.0,14
2,7,12,6,4,1.859375,3,0.25,14
2,1,14,8,1,0.109375,3,1.0,5
3,10,10,6,4,1.9375,2,0.2727272727272727,18
3,6,14,7,2,0.4375,5,0.42857142857142855,17
4,0,9,8,0,0.0,2,4.0,23
6,1,13,8,1,0.109375,8,3.0,20
1,2,10,8,2,0.4375,0,0.3333333333333333,2
3,0,14,7,0,0.0,8,3.0,22
8,1,11,8,1,0.109375,11,4.0,24
2,2,13,7,1,0.1875,3,0.6666666666666666,19
3,1,13,8,1,0.109375,6,1.5,11
2,14,15,5,4,2.1875,4,0.13333333333333333,10
7,4,12,6,2,0.5,10,1.4,31
4,9,12,7,4,1.859375,6,0.4,13
6,0,15,7,0,0.0,12,6.0,25
3,0,12,7,0,0.0,6,3.0,21
1,0,12,9,0,0.0,0,1.0,2
3,4,10,8,3,1.0,0,0.6,5
4,0,10,9,0,0.0,3,4.0,18
6,3,15,6,2,0.484375,12,1.5,30
4,0,10,9,0,0.0,5,4.0,19
6,4,9,8,3,1.0,6,1.2,16
4,2,12,8,2,0.4375,6,1.3333333333333333,20
5,1,11,8,1,0.109375,6,2.5,27
7,2,11,8,2,0.4375,10,2.3333333333333335,29
7,0,11,9,0,0.0,10,7.0,29
8,9,13,7,4,1.859375,13,0.8,42
8,32,0,0,4,0.0,0,0.24242424242424243,0
3,19,0,2,4,3.484375,0,0.15,0
5,9,0,5,4,2.859375,0,0.5,0
1,16,0,3,4,4.0,0,0.058823529411764705,0
5,24,0,1,4,3.0,0,0.2,0
6,16,1,3,4,4.0,1,0.35294117647058826,0
7,15,0,4,4,3.609375,0,0.4375,0
3,0,1,7,0,0.0,0,3.0,1
7,15,1,4,4,3.609375,1,0.4375,0
1,1,0,6,1,0.109375,0,0.5,0
5,2,2,7,2,0.4375,1,1.6666666666666667,11
4,2,4,7,2,0.4375,2,1.3333333333333333,10
2,1,7,8,1,0.109375,0,1.0,2
1,2,3,7,2,0.4375,0,0.3333333333333333,0
6,0,0,7,0,0.0,0,6.0,9
3,5,9,7,4,1.734375,2,0.5,6
4,1,8,8,1,0.109375,4,2.0,13
2,1,5,10,1,0.109375,0,1.0,1
1,1,6,9,1,0.109375,0,0.5,0
3,2,1,7,2,0.4375,0,1.0,6
4,1,4,8,1,0.109375,2,2.0,10
8,1,5,8,1,0.109375,5,4.0,20
3,1,9,8,1,0.109375,2,1.5,7
6,8,9,7,3,1.5,8,0.6666666666666666,19
3,1,5,9,1,0.109375,0,1.5,5
6,1,6,8,1,0.109375,5,3.0,20
8,7,6,8,3,1.609375,6,1.0,15
1,4,6,7,2,0.75,0,0.2,0
4,4,7,6,2,0.5,0,0.8,0
6,1,6,10,1,0.109375,4,3.0,14
4,11,7,5,3,1.734375,0,0.3333333333333333,0
3,4,8,6,2,0.5,0,0.6,3
6,2,6,10,1,0.1875,3,2.0,13
1,1,9,6,1,0.109375,0,0.5,0
4,3,7,6,3,0.984375,1,1.0,9
8,2,5,10,1,0.1875,5,2.6666666666666665,13
6,9,6,6,4,1.609375,2,0.6,15
1,0,9,6,0,0.0,0,1.0,1
2,1,8,6,1,0.109375,1,1.0,11
7,11,6,5,3,1.734375,3,0.5833333333333334,18
3,0,11,6,0,0.0,3,3.0,7
5,14,8,5,4,1.9375,3,0.3333333333333333,21
5,1,6,7,1,0.109375,0,2.5,20
2,3,8,6,3,0.984375,0,0.5,19
8,1,7,6,1,0.109375,7,4.0,21
8,3,7,9,2,0.484375,7,2.0,32
4,9,11,6,4,1.609375,1,0.4,9
5,0,11,7,0,0.0,5,5.0,16
5,0,12,6,0,0.0,6,5.0,16
8,6,9,6,3,1.1875,9,1.1428571428571428,27
5,8,14,5,3,1.25,6,0.5555555555555556,24
6,4,9,6,2,0.5,6,1.2,25
4,0,13,7,0,0.0,1,4.0,11
4,5,17,5,3,0.984375,1,0.6666666666666666,10
5,8,13,5,3,1.25,5,0.5555555555555556,21
1,0,19,6,0,0.0,2,1.0,18
1,8,25,5,4,1.75,6,0.1111111111111111,7
3,0,18,6,0,0.0,0,3.0,22
7,0,8,6,0,0.0,5,7.0,37
5,2,15,6,2,0.4375,6,1.6666666666666667,28
1,0,21,6,0,0.0,5,1.0,18
5,5,18,5,3,0.984375,8,0.8333333333333334,31
1,1,21,11,1,0.109375,1,0.5,1
5,2,16,6,2,0.4375,7,1.6666666666666667,27
1,0,19,6,0,0.0,0,1.0,19
1,0,20,6,0,0.0,4,1.0,20
1,0,18,6,0,0.0,1,1.0,18
1,0,20,6,0,0.0,3,1.0,22
1,0,19,12,0,0.0,0,1.0,2
3,4,22,5,3,1.0,7,0.6,24
7,9,12,6,4,1.609375,7,0.7,45
2,0,23,6,0,0.0,6,2.0,30
5,4,23,5,3,1.0,15,1.0,29
1,0,21,12,0,0.0,0,1.0,2
5,10,19,4,3,1.4375,9,0.45454545454545453,35
8,0,10,6,0,0.0,10,8.0,62
3,5,24,6,3,0.984375,12,0.5,29
3,0,24,6,0,0.0,11,3.0,30
6,2,17,6,2,0.4375,9,2.0,41
2,5,24,5,2,0.734375,7,0.3333333333333333,32
2,0,23,6,0,0.0,8,2.0,28
2,0,19,8,0,0.0,0,2.0,1
8,1,12,6,1,0.109375,12,4.0,68
4,3,22,11,2,0.484375,8,1.0,22
4,6,22,10,3,0.9375,9,0.5714285714285714,22
3,2,21,9,1,0.1875,5,1.0,23
4,0,20,9,0,0.0,10,4.0,29
4,5,20,11,2,0.734375,8,0.6666666666666666,24
3,1,21,9,1,0.109375,5,1.5,23
4,1,22,9,1,0.109375,10,2.0,25
6,5,21,11,2,0.734375,13,1.0,26
1,1,17,7,1,0.109375,0,0.5,0
7,9,13,6,4,1.609375,8,0.7,74
4,4,16,6,2,0.5,5,0.8,13
3,2,15,7,1,0.1875,2,1.0,11
8,0,14,7,0,0.0,14,8.0,90
7,2,18,6,2,0.4375,13,2.3333333333333335,77
4,2,17,6,1,0.1875,5,1.3333333333333333,11
6,1,22,11,1,0.109375,14,3.0,43
7,0,18,12,0,0.0,14,7.0,60
8,0,21,9,0,0.0,21,8.0,62
4,4,17,6,3,1.0,5,0.8,17
2,1,18,7,1,0.109375,1,1.0,18
6,6,22,9,2,0.6875,14,0.8571428571428571,54
5,0,16,7,0,0.0,5,5.0,29
7,4,16,7,3,1.0,13,1.4,46
7,1,23,11,1,0.109375,19,3.5,64
7,1,20,10,1,0.109375,16,3.5,58
8,6,18,7,2,0.6875,18,1.1428571428571428,54
7,2,18,6,1,0.1875,15,2.3333333333333335,48
3,32,0,0,4,0.0,0,0.09090909090909091,0
8,22,0,2,4,2.9375,0,0.34782608695652173,0
7,29,0,1,4,0.984375,0,0.23333333333333334,0
6,22,1,2,4,2.9375,0,0.2608695652173913,0
7,5,0,5,4,1.734375,0,1.1666666666666667,3
3,22,2,2,4,2.9375,0,0.13043478260869565,0
7,5,1,5,4,1.734375,1,1.1666666666666667,8
6,8,2,4,4,2.25,0,0.6666666666666666,8
8,1,3,5,1,0.109375,3,4.0,6
1,1,5,5,1,0.109375,0,0.5,0
5,8,3,4,4,2.25,0,0.5555555555555556,8
5,1,4,5,1,0.109375,1,2.5,9
6,1,6,5,1,0.109375,4,3.0,10
1,8,8,6,4,1.75,1,0.1111111111111111,0
2,8,6,5,4,2.0,0,0.2222222222222222,1
3,0,6,7,0,0.0,1,3.0,4
5,0,4,7,0,0.0,1,5.0,2
6,8,7,5,4,2.0,5,0.6666666666666666,11
7,0,3,7,0,0.0,3,7.0,7
1,0,5,7,0,0.0,0,1.0,2
5,0,6,9,0,0.0,1,5.0,10
6,21,7,3,4,1.984375,6,0.2727272727272727,12
3,0,7,7,0,0.0,1,3.0,3
4,1,5,8,1,0.109375,0,2.0,3
8,0,4,7,0,0.0,4,8.0,16
3,4,7,6,4,1.75,0,0.6,3
8,6,5,6,4,1.9375,5,1.1428571428571428,21
3,3,9,5,2,0.484375,0,0.75,0
4,3,9,6,3,0.984375,2,1.0,14
6,0,7,7,0,0.0,4,6.0,22
6,8,5,7,4,1.75,2,0.6666666666666666,23
5,5,10,6,3,0.984375,3,0.8333333333333334,18
4,5,11,6,3,0.984375,2,0.6666666666666666,21
8,2,6,7,2,0.4375,6,2.6666666666666665,25
8,0,8,7,0,0.0,8,8.0,27
8,5,9,6,3,0.984375,9,1.3333333333333333,30
4,8,10,5,4,1.75,2,0.4444444444444444,18
3,2,9,6,2,0.4375,0,1.0,5
3,2,10,6,2,0.4375,1,1.0,11
8,3,9,6,2,0.484375,9,2.0,31
5,4,9,5,4,1.75,4,1.0,13
1,9,16,5,4,1.609375,0,0.1,0
3,2,11,6,2,0.4375,2,1.0,20
8,2,12,6,2,0.4375,12,2.6666666666666665,24
7,8,9,5,4,2.0,5,0.7777777777777778,20
1,0,16,7,0,0.0,0,1.0,4
4,2,13,6,2,0.4375,5,1.3333333333333333,21
2,0,17,6,0,0.0,0,2.0,14
7,5,15,5,3,1.234375,9,1.1666666666666667,27
8,5,14,5,3,1.234375,14,1.3333333333333333,33
1,1,19,7,1,0.109375,0,0.5,0
2,1,18,8,1,0.109375,2,1.0,18
2,5,17,5,3,1.234375,1,0.3333333333333333,20
1,8,20,7,4,3.0,0,0.1111111111111111,3
4,7,16,4,4,1.859375,6,0.5,33
5,8,16,5,4,1.75,7,0.5555555555555556,33
2,9,17,5,4,1.609375,3,0.2,23
8,5,16,5,3,1.234375,16,1.3333333333333333,45
1,1,20,8,1,0.109375,0,0.5,0
1,0,20,9,0,0.0,0,1.0,3
2,7,19,6,3,1.359375,3,0.25,21
6,0,16,6,0,0.0,7,6.0,36
3,0,17,7,0,0.0,5,3.0,32
7,0,18,7,0,0.0,12,7.0,38
2,0,19,8,0,0.0,3,2.0,29
1,1,26,7,1,0.109375,0,0.5,0
4,0,17,8,0,0.0,7,4.0,34
8,0,15,6,0,0.0,15,8.0,53
8,12,18,4,4,3.75,18,0.6153846153846154,55
2,0,21,10,0,0.0,2,2.0,18
5,1,16,8,1,0.109375,6,2.5,49
8,0,16,8,0,0.0,16,8.0,48
6,1,17,8,1,0.109375,8,3.0,56
3,2,21,8,2,0.4375,5,1.0,37
5,1,18,8,1,0.109375,8,2.5,52
8,4,18,7,4,1.75,18,1.6,53
4,1,18,7,1,0.109375,6,2.0,53
5,0,20,8,0,0.0,12,5.0,49
3,0,21,9,0,0.0,4,3.0,34
4,0,19,9,0,0.0,6,4.0,47
6,7,21,7,3,1.109375,15,0.75,48
3,0,20,9,0,0.0,4,3.0,39
6,0,18,9,0,0.0,12,6.0,50
5,6,28,4,2,0.6875,10,0.7142857142857143,31
5,10,27,5,4,2.1875,9,0.45454545454545453,31
4,0,26,7,0,0.0,5,4.0,32
6,0,21,8,0,0.0,14,6.0,51
8,7,22,8,3,1.359375,22,1.0,61
3,2,28,5,2,0.4375,2,1.0,17
6,0,21,9,0,0.0,15,6.0,61
5,9,28,4,4,2.859375,10,0.5,39
7,0,20,9,0,0.0,15,7.0,65
7,0,22,8,0,0.0,16,7.0,62
7,0,23,8,0,0.0,17,7.0,63
8,0,21,9,0,0.0,21,8.0,66
3,2,30,5,2,0.4375,3,1.0,31
7,9,24,6,4,2.859375,18,0.7,62
7,9,25,6,4,2.859375,19,0.7,67
6,1,27,7,1,0.109375,16,3.0,70
8,9,26,6,4,2.859375,26,0.8,73
7,9,28,5,3,1.109375,21,0.7,82
8,0,27,8,0,0.0,27,8.0,77
8,0,27,7,0,0.0,27,8.0,79
5,2,29,5,2,0.4375,11,1.6666666666666667,72
6,9,29,4,4,2.859375,17,0.6,79
7,1,30,5,1,0.109375,25,3.5,79
5,1,29,5,1,0.109375,11,2.5,80
5,5,28,5,2,0.484375,10,0.8333333333333334,73
7,16,31,3,4,1.75,26,0.4117647058823529,76
5,5,29,5,2,0.484375,11,0.8333333333333334,76
