stream_index,actual_wait,predicted_wait,rolling_mae,drift_trigger
0,54,33.51542419049614,20.48457580950386,0
1,22,15.338251228167008,13.573162290668424,0
2,4,-2.1562144708139996,11.10084635071695,0
3,50,34.29650165051528,12.251509350408892,0
4,22,29.601965754031582,11.32160063113343,0
5,3,4.759311837088221,9.727885832125894,0
6,12,8.359558202650536,8.858250970014977,0
7,12,17.837527770494265,8.480660570074887,0
8,13,8.971642524003226,7.98596022628843,0
9,42,33.418444196008565,8.04551978405873,0
10,0,5.236445453393138,7.790149390361858,0
11,36,20.406928217734553,8.44039292302049,0
12,15,15.330804548932377,7.816578432706019,0
13,33,24.16647345736493,7.889217583415237,0
14,13,12.304405903686256,7.409642684275138,0
15,9,8.308535218770245,6.989756565334803,0
16,8,12.221228237849875,6.826901957835689,0
17,0,-1.5758154260648922,6.535174928292867,0
18,0,-0.641383492435736,6.224975379037229,0
19,20,14.703666395978079,6.178543290286464,0
20,19,13.862995345543103,6.128946212389818,0
21,16,23.427979462381874,6.187993178298547,0
22,2,5.17312308087757,6.056911869715026,0
23,10,21.57464706821478,6.286817502985849,0
24,1,9.124471898469768,6.360323678805206,0
25,7,7.455496982967542,6.133214959734526,0
26,15,21.924320625016215,6.162515169559774,0
27,3,-7.666608015009015,6.3233756283258185,0
28,53,37.33515812633226,6.645495154027264,0
29,31,27.632836697083185,6.536217425656916,0
30,21,23.898222233152758,6.418862742027749,0
31,16,20.06061938756402,6.345167637200758,0
32,40,31.27357989159521,6.41732680299482,0
33,5,14.526342227950414,6.508768433140572,0
34,0,1.8281078676196323,6.375035274125688,0
35,15,11.403057698251137,6.297866024892999,0
36,11,-3.832986765957088,6.528544963840677,0
37,35,28.938292709925612,6.516259761899459,0
38,19,25.59505244057419,6.518280086993682,0
39,8,12.877533490293546,6.47726142207618,0
40,22,23.527498114363,6.356535487741711,0
41,2,6.108465781195569,6.303010018538231,0
42,0,2.497370251864842,6.2145067681504775,0
43,49,31.205098704985627,6.47769755285193,0
44,2,4.295025212162264,6.384749278614382,0
45,34,43.41557653326913,6.450636827628615,0
46,10,11.417664238952387,6.343552304465291,0
47,1,22.776057919254647,6.665062838106738,0
48,19,19.318730219088856,6.535545845881883,0
49,0,5.016739341137402,6.505169715786994,0
50,0,9.540892779761162,6.564693697433546,0
51,47,32.22531515205529,6.722578142635683,0
52,5,19.496845035843744,6.86926242363961,0
53,35,28.52558707007786,6.861950395978175,0
54,0,-2.8978383806561823,6.78987563206323,0
55,11,9.790052640776292,6.690234055762523,0
56,11,15.190766137939994,6.646383741414759,0
57,42,33.323227086514876,6.681390451278041,0
58,33,18.571818798352588,6.812691989419895,0
59,0,13.00112327528392,6.915832510850962,0
60,19,11.521453939908715,6.925057323133591,0
61,0,0.7978192684809624,6.826230902897258,0
62,13,14.771763862198856,6.746001267330616,0
63,0,8.610560227176766,6.775135001078212,0
64,2,8.077246404113893,6.764398253432607,0
65,11,9.919805873942313,6.6782739484723805,0
66,6,16.66784609030595,6.737819801335569,0
67,24,23.693372733443482,6.643243440529994,0
68,26,29.6330103826095,6.599616874473175,0
69,2,8.904464252446608,6.603971837015653,0
70,1,15.924216770690096,6.721158385377265,0
71,45,41.216936890056445,6.680351506551798,0
72,36,34.48969625825072,6.609528934431215,0
73,33,34.49640427607746,6.540432655264272,0
74,0,9.739140079469658,6.583082087587011,0
75,0,1.4539536359862169,6.515593555329106,0
76,8,15.492239371324464,6.52827726722515,0
77,22,15.326453059181526,6.530139698937885,0
78,5,21.882872331714168,6.66118694745404,0
79,9,8.541070776394083,6.583658725905939,0
80,44,29.75117281117738,6.505711868147424,0
81,42,27.427967804229382,6.604590410946642,0
82,0,2.2772917639512293,6.556103877110859,0
83,26,21.29702345443102,6.418597354561912,0
84,10,20.63628088919326,6.456526293751433,0
85,1,11.979926778487304,6.571783980518921,0
86,33,39.29316411698145,6.6049430095143205,0
87,19,24.004308316761254,6.594527766342658,0
88,19,19.342856889538712,6.548459009011933,0
89,1,7.669535687738604,6.524558757558772,0
90,7,7.451708880658941,6.464749550399594,0
91,33,21.595960604169065,6.412386645569162,0
92,35,30.623236212350804,6.4629611360531225,0
93,14,4.72597537104998,6.46846736213206,0
94,18,23.988627416404057,6.534630278633189,0
95,72,64.44214864317912,6.620460110828079,0
96,40,41.943951889507304,6.591994156473795,0
97,8,11.662845224394594,6.618082028952918,0
98,9,7.507944318378039,6.628715431317746,0
99,42,43.20330672233922,6.577552595296711,0
100,4,8.505593934882004,6.569659961302025,0
101,5,9.853203232849982,6.5374752584328775,0
102,0,10.885600017449555,6.633881220140026,0
103,30,22.586334368291162,6.581868952183703,0
104,28,19.490739389858163,6.586678811079603,0
105,1,14.605887684874757,6.751058694853444,0
106,10,9.782632329555657,6.667221782921294,0
107,21,27.98215264876856,6.621166090843289,0
108,3,3.468205381110657,6.431208134686327,0
109,5,9.790052640776292,6.448994251409569,0
110,2,11.483390276577623,6.53130885195238,0
111,43,35.33284074575924,6.576390600285839,0
112,30,29.221818184865636,6.477037621619959,0
113,52,52.319145893439085,6.361947667438567,0
114,4,13.965960507967843,6.46367082544292,0
115,27,33.8463764496061,6.504288752291136,0
116,32,22.556598013793216,6.4369189425442555,0
117,4,-10.969690149809498,6.548268728290947,0
118,44,42.61942638010801,6.483087743032418,0
119,3,6.86320015820321,6.470408576381288,0
120,4,7.296911225984902,6.492526240276563,0
121,2,1.3348854272872206,6.449484350170527,0
122,39,36.33623491895493,6.451564285535281,0
123,4,11.662640337451018,6.324911023565738,0
124,35,39.20711754350064,6.348812177707468,0
125,35,33.06909556841914,6.255253776436365,0
126,60,35.72532232142912,6.5409664444315965,0
127,16,8.968772760467747,6.356656060935066,0
128,29,32.41967011378894,6.3954178096188175,0
129,12,16.149250305105344,6.384574196668416,0
130,14,17.301376381024205,6.3065802416842045,0
131,26,25.513700727701142,6.127975421988632,0
132,31,45.73373635617727,6.130936563492801,0
133,5,15.28755719475907,6.1786008668032615,0
134,35,25.630157272993703,6.259500921132639,0
135,25,18.607739540741836,6.324279834883069,0
136,2,1.7105556241032307,6.275513312857529,0
137,30,24.583702331086002,6.23475737230039,0
138,22,20.9969708089513,6.066942972167906,0
139,32,37.64410565263958,5.974980251884851,0
140,25,25.993543026463502,5.8939177139645045,0
141,2,19.595019217517958,6.103882713327467,0
142,21,28.15694345397501,6.171197458224669,0
143,0,-8.500572917981891,6.169822616859732,0
144,0,-12.087272792977696,6.24494794672053,0
145,15,24.665466610063575,6.352263852770603,0
146,31,26.55187460131805,6.274517344125305,0
147,3,-1.3664051446683807,6.325264567601701,0
148,30,39.88909412070778,6.4034656143279305,0
149,15,18.158484746411734,6.356640870502495,0
150,0,11.385794686012714,6.312410594444027,0
151,20,20.307296232296864,6.268963508473443,0
152,2,13.094293547415269,6.388763381044269,0
153,32,30.41180667933682,6.38991074410159,0
154,0,13.201627597800995,6.433191838080731,0
155,11,10.582870719998652,6.420231533630921,0
156,14,14.871096815711562,6.3374672516857595,0
157,15,17.628735987641257,6.2869071147710445,0
158,20,12.801240580172774,6.165855703372458,0
159,38,36.16880783513349,6.183008990138215,0
160,23,30.993278697864724,6.104814634001241,0
161,23,26.645137794096883,5.96822845398032,0
162,35,27.326112131475284,6.0356859052874885,0
163,0,-9.54921642695324,6.096263903804791,0
164,0,-4.194385851313196,6.015740215831291,0
165,24,14.505000488952668,5.997178624988291,0
166,39,37.265579231660666,5.940194333130265,0
167,0,3.7921385356126063,5.925042210865906,0
168,2,6.547647660975951,5.977602095508873,0
169,0,-2.8491654875028765,5.929847468005926,0
170,0,-7.015817505767291,6.011898825819779,0
171,15,17.167065746152335,5.896436655198797,0
172,10,8.671347911181012,5.85833525896342,0
173,7,9.38535519742862,5.772226891069403,0
174,19,25.32689097342086,5.776455185532112,0
175,12,9.268556533520593,5.716125086902844,0
176,27,21.276635663018162,5.763367742496276,0
177,37,29.40924840999114,5.8124665720664535,0
178,13,16.603306234547965,5.838857203978028,0
179,0,-5.58684274995942,5.893651404323281,0
180,0,5.619520381390679,5.907575484904639,0
181,10,8.085134941009379,5.870846257731397,0
182,0,10.242555587274985,5.862808202354215,0
183,20,19.815120946887884,5.772448370121756,0
184,8,15.16654117171154,5.755664377141377,0
185,12,15.990856574319825,5.635476488259441,0
186,43,41.48073711646114,5.651750178423122,0
187,57,40.20687950778429,5.7743872764662125,0
188,5,6.162355393230788,5.7830641516177135,0
189,2,16.035076729151367,5.8986269527224025,0
190,8,7.356164029454838,5.788132523896996,0
191,0,-12.067882916677846,5.84314156967746,0
192,37,30.410733395520072,5.915780129544279,0
193,28,29.823279207499773,5.934581795970038,0
194,11,16.29556929162951,5.876201905765809,0
195,37,31.851915939542366,5.854973250901454,0
196,18,15.038396340242498,5.773950771820838,0
197,9,33.70188569991424,5.895603216197147,0
198,6,-6.172723407635235,6.030505088543937,0
199,2,6.469656446460988,6.038085792147159,0
200,0,12.776874809733036,6.15658533694401,0
201,0,-9.258752154178342,6.264005806712331,0
202,0,-1.6423792399053028,6.251238483698083,0
203,41,42.200217201987584,6.170458194504791,0
204,0,-6.388300290702034,6.197722978844808,0
205,36,29.70912438092711,6.252222618688458,0
206,51,39.172418355122794,6.096633918267288,0
207,3,6.376038859957296,6.050944063522601,0
208,19,19.9693241549591,6.020314739037227,0
209,17,15.851747723830123,5.982802263675533,0
210,19,17.061797652683794,5.965762588254184,0
211,37,25.779310212644845,6.0999424696923885,0
212,17,16.767179043818658,5.918681027192439,0
213,3,20.898639778911242,6.013819559494341,0
214,2,9.487863589169095,5.990294820271375,0
215,3,3.11838249749246,5.911871345749304,0
216,4,8.308181141326093,5.962105555317171,0
217,2,-3.2023192063848356,5.959430824535557,0
218,0,-0.8509725291157046,5.957530116261394,0
219,5,19.22195354852774,6.064753214959996,0
220,14,3.4568352437025656,6.18412348658292,0
221,10,15.581232067516211,6.033951147207898,0
222,0,-11.075117995335255,6.082928328974901,0
223,35,22.058914364127595,6.138434737948533,0
224,33,29.690436425130514,6.02871337272218,0
225,17,21.075582411224726,5.958839820236695,0
226,9,16.023784727417276,5.991035561845886,0
227,10,15.688563811003815,6.007562545175079,0
228,15,22.72105463844601,5.980462051646807,0
229,30,19.265115020471093,6.075167054560772,0
230,60,53.811919770060996,6.01019562385985,0
231,0,-3.9844413143142887,6.056159937385069,0
232,35,22.65567274258312,6.0717853587600885,0
233,34,23.97166831434927,6.177287088322433,0
234,37,42.62498290752469,6.08257902969398,0
235,0,5.8402989315956315,6.150368650338908,0
236,15,12.349153077976977,6.1726155266678004,0
237,30,31.129011266235246,6.153868967650225,0
238,41,27.207866385098587,6.236286145088653,0
239,8,37.22160490685302,6.578666304363483,0
240,29,34.31570499569397,6.54519663308635,0
241,26,32.04786706320121,6.575230748950153,0
242,0,13.296223387604158,6.645509942938647,0
243,14,17.6840754276436,6.572195680447275,0
244,59,59.588963648360235,6.527127902910365,0
245,10,6.965529142266357,6.446371294743943,0
246,28,22.165742871174718,6.497619249250017,0
247,22,14.329255463359253,6.54610182426287,0
248,19,15.574478545503508,6.532075246681876,0
249,46,33.15288418375222,6.657049625791187,0
250,43,37.8856804101727,6.633280901841937,0
251,0,-11.5925655466839,6.751099649348582,0
252,24,29.850371518272265,6.807621142216749,0
253,2,13.549662004119313,6.922174977300381,0
254,40,27.109047646645898,7.004225744549546,0
255,4,10.106327421241392,7.046411793984072,0
256,36,37.03507018269768,6.987808117055519,0
257,26,18.311987880096527,6.989023873679203,0
258,20,24.63491468354125,7.001918979291618,0
259,54,30.677830979955615,7.223610557667681,0
260,2,-2.8266034677550635,7.213699096247235,0
261,17,14.686529406602553,7.218681665427321,0
262,0,-9.547266641679261,7.2099905536073745,0
263,0,17.940362899386045,7.431934101685799,0
264,29,27.798161154621788,7.357375322606631,0
265,0,5.717047371503174,7.378952707571424,0
266,6,7.351153309513073,7.376851337896102,0
267,3,-6.147054750923797,7.281275516129952,0
268,60,29.528097823822154,7.647644850916791,1
269,12,16.04456074002395,7.522763401052697,0
270,32,39.87712831071473,7.613179555304816,0
271,8,1.212268752794012,7.54717765943642,0
272,0,-4.639568240229014,7.522806429883284,0
273,6,8.1587515897386,7.526999834661268,0
274,4,25.521014360873338,7.729817898026816,0
275,36,31.9642787080912,7.715913363419955,0
276,19,14.899776481490015,7.730146111654362,0
277,17,27.33191146887213,7.550521433766335,0
278,5,9.572360839670868,7.455516901666781,0
279,0,-2.9976272552193812,7.437116536776261,0
280,39,37.70318559865422,7.29361578167142,0
281,21,17.496597408650683,7.221673912136057,0
282,19,21.526407924809455,7.232724270697359,0
283,52,32.893663866989456,7.456550757335146,0
284,9,25.32040935302461,7.58070212061418,0
285,54,35.493459236593594,7.733397934918346,0
286,32,28.278515124005683,7.632071725307311,0
287,14,23.670573636390323,7.710753410012724,0
288,0,-10.374466454182581,7.8283176887530175,0
289,38,35.0689188492552,7.850603049685203,0
290,12,30.334471314839156,8.055556411779241,0
291,58,50.321955018777935,8.011273351702577,0
292,18,17.861789483934377,8.010090721201133,0
293,1,-0.42105304567786206,7.8041208870357135,0
294,21,33.82249565452314,7.87080378785264,0
295,21,18.19064726257816,7.904440915851756,0
296,11,4.879350416089121,7.9270967713840665,0
297,5,-1.4393178745968953,7.942559254736717,0
298,5,8.808053958757583,7.9795227726072415,0
299,6,7.137829120457942,7.815971217256367,0
300,7,9.42797377353239,7.7145313299718055,0
301,24,22.941728359634762,7.657994324632417,0
302,41,28.214244230359718,7.67937729681123,0
303,1,-5.549573284839877,7.599483392423323,0
304,0,9.746101293955999,7.679940113911906,0
305,8,15.5206068740538,7.723002919697268,0
306,0,-4.50640733962889,7.691535702349915,0
307,0,3.034218099771879,7.658356380959515,0
308,14,12.589926774773062,7.5794691132942775,0
309,0,12.78297940599572,7.605070293625113,0
310,49,36.45734970659409,7.684502419418449,0
311,35,30.97766638026073,7.684976073236261,0
312,11,19.010797555488463,7.630806951962157,0
313,37,30.21270063184387,7.590294047993472,0
314,31,31.063975459098295,7.520781454888143,0
315,12,18.908932315875948,7.534139372191646,0
316,3,13.422234026274644,7.631281710994793,0
317,19,18.51857400148725,7.62318689514826,0
318,41,43.526890088435124,7.482371351067433,0
319,7,18.221728380938245,7.257372894493497,0
320,7,11.11924660100097,7.242417164559835,0
321,2,-4.40665108876793,7.246901964879418,0
322,15,26.033570690037592,7.218618806159836,0
323,7,2.5288507493317347,7.2284572289476445,0
324,10,13.789495624167571,7.268463878645235,0
325,5,16.945966983303876,7.379857580214863,0
326,0,-4.947532643185532,7.368773524144368,0
327,0,-2.563908832422264,7.304938077841635,0
328,3,12.115931777999474,7.3760682068854235,0
329,0,-7.1855571900788995,7.3052987240583125,0
330,0,-10.947724922329282,7.378216290714588,0
331,29,22.916884715013733,7.309348162443368,0
332,5,-5.7452775520169155,7.370534487865176,0
333,0,-0.6830257045174619,7.234701534120153,0
334,34,31.34595527762258,7.106740188732944,0
335,2,3.111538913747248,7.044305332389269,0
336,0,4.899511242917772,7.092610845642018,0
337,0,-0.5907031813448356,7.003894483910035,0
338,6,5.708303331992305,6.9496042587158655,0
339,38,35.87635594780441,6.684622696617756,0
340,20,21.237302724871917,6.639756437331715,0
341,0,2.6233959598199412,6.643630504411997,0
342,7,15.595635474031786,6.631735114816405,0
343,6,9.311737469406047,6.448877296941655,0
344,11,22.14250860275132,6.573135668908817,0
345,11,15.696939137629244,6.560384315985393,0
346,5,7.780478758169592,6.578250884093601,0
347,26,22.700615181972324,6.505155009932399,0
348,18,22.11296727787539,6.175668323703618,0
349,0,-4.466505016749931,6.180942627162693,0
350,11,14.96930770786427,6.132094869627062,0
351,14,3.686282652951366,6.176169695875096,0
352,12,16.804762841477913,6.178234628390706,0
353,15,12.749362149969498,6.1793832066443555,0
354,62,46.855433318830066,6.099677610648063,0
355,19,25.009486090940065,6.1243496706359535,0
356,0,21.18169958375833,6.337868121451558,0
357,19,18.613819389647055,6.213546485720068,0
358,0,1.6371028535627588,6.176855760893718,0
359,2,2.0448395741392655,6.139945914880215,0
360,4,18.385706511153963,6.303557066252818,0
361,0,12.809825555020131,6.419887353298703,0
362,10,4.9322711785423135,6.451653864506807,0
363,22,22.91845310898799,6.224305326706525,0
364,23,26.197688010337846,6.060271309922941,0
365,16,15.16548652636725,5.83937096880077,0
366,0,1.7533841422187066,5.814769709628574,0
367,12,24.566422362427556,5.8509678187040395,0
368,30,26.127116083246236,5.7696980369861794,0
369,43,34.54280208507052,5.838774496538488,0
370,0,-4.23274560520624,5.662502925168075,0
371,0,-0.8111863309802771,5.576667192040054,0
372,55,43.08705580797675,5.723851362989524,0
373,1,3.9323561461515837,5.742742651745445,0
374,11,20.594054447446965,5.702387136656993,0
375,15,19.17086856136952,5.719406084456339,0
376,17,16.373982044870992,5.650723189096565,0
377,57,46.357676155224446,5.703260763723799,0
378,0,15.426148012560711,5.848486939396337,0
379,0,-2.2811110808130266,5.862777963900776,0
380,32,35.50673971805314,5.8762625382072855,0
381,0,0.912141720803346,5.8744359142127625,0
382,0,13.140974876119184,5.878876153043748,0
383,12,17.422835481607187,5.86479193050334,0
384,37,27.1773678947677,5.865748565644294,0
385,40,31.49112654074819,5.878101897959269,0
386,5,17.832730076190543,5.9821809321662895,0
387,53,38.965545785866254,6.119683883595813,0
388,0,-2.2492066415473744,6.130173051299819,0
389,0,-10.545564521199417,6.102205365239864,0
390,3,13.331833671579826,6.074570157467038,0
391,0,-3.6869561542433544,6.070377939148339,0
392,0,2.750205709437404,6.004620541072701,0
393,56,43.81515226801936,6.072089895620508,0
394,18,18.25135839300555,6.074432182294348,0
395,45,41.31665700403833,6.03411231579542,0
396,1,5.537686201985537,5.960555467991806,0
397,53,39.54319897371441,6.122747655838967,0
398,24,26.35841788372248,6.120641753280059,0
399,41,21.792042667395428,6.220469615175888,0
400,0,-9.274119107662088,6.284905521509152,0
401,28,20.437715495485893,6.299350939205979,0
402,10,15.105369263466768,6.225248421373844,0
403,39,43.53128159156305,6.226000075635028,0
404,0,2.6517962613001185,6.211778833599185,0
405,15,28.698751143973194,6.233688635607551,0
406,8,15.106028130970348,6.260669829204862,0
407,14,14.159184846026516,6.230610779374915,0
408,15,15.437340260461657,6.122128385405691,0
409,4,0.6578264267245064,6.0740860901956495,0
410,13,16.708105750619946,5.983590850549282,0
411,70,52.40143516134494,6.127533969970143,0
412,7,3.926082570254552,6.031641968441749,0
413,0,1.5011409838222463,6.041868409433059,0
414,1,-0.40820821925314377,6.026295453144005,0
415,36,34.55824764599116,6.030423121147275,0
416,47,37.546091697582256,6.087353084391024,0
417,0,-10.432328870330036,6.21037340550334,0
418,4,10.065804789527618,6.282549757022339,0
419,27,22.91653684253108,6.3070474958382565,0
420,50,44.33225948695272,6.362427968190448,0
421,4,18.686798213532683,6.513220496361858,0
422,0,1.817518879871983,6.42849403893486,0
423,14,19.90289450675831,6.460883501901764,0
424,8,23.07134101250134,6.509993907023639,0
425,8,3.529610456843489,6.507162037092729,0
426,14,21.735025733613412,6.569093874285777,0
427,0,1.550201995057451,6.547229088998648,0
428,2,-2.404827875417631,6.550877346467926,0
429,8,20.623642450481704,6.652841564389574,0
430,1,10.29154509361378,6.719369531711443,0
431,4,5.099651906410113,6.604193713703461,0
432,0,-3.9360553589873,6.593334870172329,0
433,27,22.999940198717166,6.615202644562983,0
434,11,11.750145173595584,6.435272375718304,0
435,0,-3.292790889323989,6.401313685698102,0
436,35,34.27415361532743,6.145615520709531,0
437,8,10.447432596025529,6.171381170530438,0
438,17,17.19228117163949,6.153320899506397,0
439,3,4.636107119319016,6.173211743821144,0
440,22,18.155476413814842,6.0414469572590335,0
441,20,18.67001884050989,5.8979489023149085,0
442,19,30.537907241169908,5.978826132561311,0
443,0,0.5758827334963499,5.974544002867665,0
444,41,31.791911209383173,6.0496740126211535,0
445,0,-3.3448791789834544,6.081053583938036,0
446,2,5.794877685217131,6.106572253225517,0
447,49,31.700896948622837,6.165730761837387,0
448,4,15.475115787554941,6.260758660222402,0
449,0,8.42713422665344,6.260382864118952,0
450,21,5.341376683198515,6.403206335513891,0
451,0,0.7964319746989919,6.403021906060377,0
452,29,24.705445379139682,6.30779203642084,0
453,0,-4.9036138061691545,6.33243275717106,0
454,1,-0.23488551136420455,6.227943145470024,0
455,29,22.034978911311153,6.262870052061516,0
456,35,23.254589929877547,6.401862453498936,0
457,2,7.222519876422989,6.334114903894528,0
458,0,5.787575663950783,6.213632749536903,0
459,0,18.647624043403212,6.418214161569281,0
460,39,27.890821320827428,6.5132446485832745,0
461,23,26.918691317222116,6.550826518538509,0
462,15,19.14037201928663,6.438318982828102,0
463,0,29.85947585423068,6.743776987485896,0
464,22,36.1247318718624,6.797553234568771,0
465,0,-11.982084759861856,6.840968375826397,0
466,26,28.60412449947237,6.7131108061174185,0
467,1,8.796518276813451,6.635136606900916,0
468,26,36.688610928936,6.740629160493273,0
469,46,37.45453228604565,6.715627950402711,0
470,1,27.9043941185819,6.9227849559902355,1
471,22,14.44684541081898,6.9711124364269565,1
472,32,27.092165081779477,6.998082801536745,1
473,28,28.939290203812504,6.857513332434644,0
474,10,21.070588424222464,6.992753707824855,1
475,21,23.115166804439905,6.973151505430833,1
476,47,44.50687552800076,6.947594483806005,0
477,3,8.424543017230167,6.847191258692812,1
478,0,7.2828234755495505,6.90874632859065,0
479,13,18.62136701260737,6.7389139495906845,0
480,0,-0.7540868082513121,6.632413545848051,0
481,6,4.954380369409453,6.5509552349240066,0
482,27,15.730971820919896,6.628000971369173,0
483,6,6.142349313744294,6.573139317896438,0
484,19,26.736357945494937,6.636696338948875,0
485,17,19.27600419891098,6.4939120021355965,0
486,2,4.136638961341271,6.4317946375152335,0
487,28,19.18964592766625,6.5399342528440725,0
488,42,43.44257871134747,6.552499733480147,0
489,0,-5.809920841416883,6.583346574331912,0
490,61,42.24381143609604,6.771447609497963,0
491,31,23.731380432069553,6.642323293613904,0
492,2,-1.16885521923696,6.6435100159825495,0
493,0,-5.98437925471384,6.699550494368694,0
494,20,29.816729824097767,6.804657014429253,0
495,8,3.6420894091228675,6.841108992390106,0
496,24,19.173497634390472,6.783266418180004,0
497,7,8.14922361453309,6.667227602482541,0
498,5,10.522451077816603,6.660435681086154,0
499,0,-4.068611623418196,6.66025003691052,0
500,22,16.680074301291334,6.655902351731288,0
501,35,21.948510733693638,6.635460989890959,0
502,3,19.69152778285045,6.821386101178189,0
503,0,1.5328025122987619,6.766759951247444,0
504,16,25.493602049357623,6.697038214208147,0
505,17,19.553620374965043,6.673078599605755,0
506,20,20.36901531214006,6.581003469337338,0
507,15,14.190794253821478,6.57174101622635,0
508,21,25.749941991906276,6.576054942682458,0
509,0,12.482514939862064,6.5742908487997145,0
510,0,-5.737894895721698,6.529870221326062,0
511,54,39.71161453797508,6.694729390771248,0
512,51,51.42533593291612,6.650845397945358,0
513,8,10.287273032402515,6.629435563334354,0
514,0,4.176952919817431,6.672270660162127,0
515,2,4.678788952922167,6.664595635957104,0
516,13,20.31980969300528,6.7470201773112635,0
517,14,20.001786543993724,6.791449601660865,0
518,31,32.07718287732291,6.802510872981908,0
519,3,14.32187460905911,6.923582966603659,0
520,29,29.72964819987239,6.88464702427475,0
521,48,30.357881680638368,7.088548738773143,0
522,19,28.31078639674533,7.060709728217837,0
523,6,0.8099026693663287,7.118387410682052,0
524,7,15.178959844741831,7.105523298858617,0
525,17,19.20441210649778,7.091267460452545,0
526,14,21.150093885925347,7.133207662961398,0
527,33,35.64722709211024,6.950059213470562,0
528,60,55.43928123705843,6.8636292506628935,0
529,21,10.326315555991531,6.891711128379832,0
530,5,-0.8075778360466224,6.768573059870397,0
531,11,21.850299187791794,6.894246400034056,0
532,10,11.690534349200052,6.8616961466383035,0
533,22,23.0839757678864,6.813950671159768,0
534,26,19.014087429485613,6.885838509399146,0
535,35,35.46781245070885,6.804623401424395,0
536,17,22.0175123502107,6.720524679925499,0
537,0,-7.46319649268078,6.748533137628721,0
538,23,12.749624015469355,6.804318141635969,0
539,30,24.547866015487408,6.639374515899837,0
540,3,15.240341335218584,6.653514049100411,0
541,56,40.87815161308612,6.793553512471559,0
542,4,10.018301003428661,6.817027624773334,0
543,45,42.94037564233379,6.469529481066279,0
544,34,26.10932039487442,6.391603827732068,0
545,1,-7.790589752204145,6.351710140136347,0
546,22,18.842330624724603,6.3586294510838846,0
547,0,9.061639926334873,6.374443471702903,0
548,12,19.83954646969852,6.338830165962434,0
549,39,35.72125485759692,6.272996133818043,0
550,6,-4.155819140496607,6.063638946591977,0
551,0,8.548769368313973,6.076084131331139,0
552,1,-2.328169491884342,6.056338313501937,0
553,0,17.268987696769145,6.260459532163894,0
554,28,18.674240971055802,6.238649164722916,0
555,2,-4.931343249642261,6.298851370287945,0
556,20,24.16043341685738,6.319692732098671,0
557,51,49.54541325629398,6.270068278679621,0
558,0,-4.919808593365936,6.240530592652325,0
559,6,19.22854379453627,6.335620302426436,0
560,14,17.159347060248198,6.365686055576397,0
561,0,-1.0636204665663769,6.365911066026095,0
562,50,32.17450990132559,6.447866840021024,0
563,48,44.03031298720483,6.495708561259161,0
564,6,21.051853360629277,6.587152253948339,0
565,10,3.25758685923552,6.642982365721508,0
566,29,25.672204885337475,6.657871817638025,0
567,20,10.645796125014128,6.664669940171175,0
568,16,15.592747082514425,6.651728367747902,0
569,9,18.082390416842394,6.6926342374407195,0
570,0,2.513416698101139,6.4895995891181855,0
571,31,28.065911105452575,6.435417955700896,0
572,3,0.12809817542630242,6.431706038267606,0
573,3,17.400959458951014,6.53691329082057,0
574,0,-5.022247164005311,6.476982257569416,0
575,4,5.72309793345241,6.444047099351607,0
576,15,9.010409883945291,6.458585696232172,0
577,5,13.001724736927876,6.544241960262108,0
578,18,19.165668844774814,6.489782182349084,0
579,35,22.933767693707562,6.589752440885012,0
580,23,29.246633303930317,6.601336285950284,0
581,0,-10.137006032584214,6.564905245528756,0
582,6,15.61823144335225,6.47648904128503,0
583,42,35.14817732070989,6.5429767933724206,0
584,8,14.571120162127192,6.506445769782042,0
585,0,4.516222714572553,6.530978299027133,0
586,4,4.164819925199456,6.528425856690376,0
587,58,55.45732798096411,6.550094185101093,0
588,11,14.703855511205404,6.537018104092333,0
589,35,27.217853638974635,6.478263496856873,0
590,0,-0.9211594465727835,6.418054303742511,0
591,26,23.587510380162716,6.269605605715166,0
592,26,28.081313894782678,6.290305330238499,0
593,2,1.0658516029232956,6.273391272296926,0
594,0,-2.5773014691353993,6.253395629163401,0
595,25,19.313217525107227,6.290995548188033,0
596,44,29.001063225613514,6.386984636705298,0
597,0,2.0554378567964946,6.337655278115333,0
598,16,24.778145609676834,6.433917312269758,0
599,36,41.2413444315304,6.357910685050648,0
600,12,20.094006405999146,6.449965162627232,0
601,42,28.90532675039781,6.3931220992552396,0
602,2,15.823744688934658,6.449534077907606,0
603,0,9.803437305920834,6.507200827598696,0
604,0,5.470354916669823,6.473343265997795,0
605,12,18.18596261683102,6.52311264737696,0
606,0,-3.182806462258746,6.473521554581128,0
607,7,15.427000910367484,6.545768727309344,0
608,9,21.5895154718795,6.646128686171068,0
609,4,8.082924359220248,6.563744185111214,0
610,27,24.27752045780734,6.525180456438041,0
611,37,34.382426161553155,6.422271389571227,0
612,0,-8.890066443443803,6.512265540749274,0
613,32,28.935838627797455,6.5370178608032266,0
614,20,18.943657406377074,6.462898236092085,0
615,2,12.699977388357707,6.590800297812694,0
616,56,40.33149024699535,6.723937765347619,0
617,6,11.282482998554608,6.696678846671043,0
618,16,20.568564200999155,6.6256561993769,0
619,0,-1.1789991618666384,6.572242014093824,0
620,5,2.138260911904048,6.455009486004792,0
621,0,5.100298269966077,6.329740109542944,0
622,5,6.610023568633503,6.274636641608005,0
623,19,21.835241368287594,6.284331854240771,0
624,38,33.97632541496775,6.235994291489606,0
625,18,18.547254508612887,6.132952600944714,0
626,24,24.93003210088858,6.105107135014879,0
627,0,13.370564291045648,6.158968689573764,0
628,0,-0.6470454550891098,6.069062426891146,0
629,52,32.145200443910795,6.276263107062222,0
630,18,17.05407817794861,6.161139390581658,0
631,3,14.449250222291733,6.197395401256379,0
632,0,-5.968311285363324,6.2303971736748665,0
633,16,26.70081787785093,6.148295050938389,0
634,21,18.970753833778822,6.057088640154352,0
635,48,37.86905914538988,6.097083610216449,0
636,35,44.92249721034064,6.1691094076349895,0
637,29,33.60349790587631,6.208470797162119,0
638,3,12.990041147715841,6.271848704091492,0
639,10,24.203382473616376,6.284034187579993,0
640,39,40.66610967358291,6.265368720246679,0
641,29,25.19545039425665,6.299630334486389,0
642,13,7.8840649700211465,6.140760896127697,0
643,0,4.056586137734513,6.141847135189437,0
644,12,24.663107790832044,6.111987815566972,0
645,0,0.8744433707353405,6.038638193441607,0
646,23,11.716287576428964,6.138087159802964,0
647,55,36.52084111557925,6.2521490974209,0
648,5,-0.7804811732537864,6.319314450618002,0
649,14,24.09167976997145,6.331930567532115,0
650,4,6.946157284627315,6.337339824863693,0
651,0,-4.139652020276753,6.35240936393531,0
652,21,17.206860906958628,6.363924829791155,0
653,0,-7.464196811320868,6.277215296695779,0
654,0,12.908250397171354,6.375790337110354,0
655,0,2.031103070176787,6.379640401319409,0
656,5,6.801377977415356,6.327287749586416,0
657,19,8.588585774032438,6.357408868199414,0
658,0,-8.2255779352002,6.445657731829729,0
659,0,-0.5016897946151815,6.301100950433765,0
660,0,1.8771553060754975,6.24648247546058,0
661,15,23.801730829215096,6.2297915354184665,0
662,4,0.7023782219869172,6.150783914601726,0
663,9,13.787960376596182,6.124985635818052,0
664,36,38.47639345977132,6.073801552038604,0
665,0,-2.0137715772611813,6.042520912822211,0
666,39,25.9185719276687,6.20397851466136,0
667,11,26.51331822048549,6.36611159217948,0
668,0,-4.957392124097993,6.381780799840636,0
669,12,13.131025397469525,6.298641787796188,0
670,0,13.54478272709967,6.456437078802776,0
671,21,20.634488262181954,6.430849855277534,0
672,12,12.858151673401235,6.415560327510266,0
673,13,15.528227753093722,6.4354863194604786,0
674,4,9.815008355165453,6.475957655535855,0
675,0,-9.97179334977329,6.5295202914718615,0
676,2,27.137446001483383,6.656251656810573,0
677,46,38.05809921851011,6.72983244336924,0
678,9,18.655992187436922,6.740805525591242,0
679,13,14.068565703543678,6.688645791491408,0
680,6,18.016907085793306,6.737682049988834,0
681,3,-3.250370780427321,6.652128269124148,0
682,27,16.590460209701746,6.6094507078911935,0
683,0,7.839610791907942,6.584902876466032,0
684,2,11.229756362807148,6.63189539454275,0
685,20,23.07126178491833,6.59296163414384,0
686,9,15.60731862494631,6.635768036177436,0
687,36,38.16468582057571,6.557489097555037,0
688,13,9.776688604725845,6.440411546597471,0
689,0,-5.794689806182692,6.4618086146845,0
690,9,15.356794458162428,6.507237551134123,0
691,0,5.5442990776120205,6.543821616623688,0
692,10,11.79545281586757,6.455138946278986,0
693,14,23.814901391418395,6.539523196519184,0
694,20,19.13784313499323,6.537095874911481,0
695,0,7.068624054191991,6.49170395823441,0
696,11,11.864047818032407,6.306648184047257,0
697,16,21.26860461480126,6.3064747042503395,0
698,58,39.537694454790504,6.480146471052969,0
699,2,12.9397575575052,6.602155950998451,0
700,6,14.566111405363928,6.6734606049643,0
701,56,35.94195516480755,6.8604324370296315,0
702,22,15.131255765181876,6.926166445356938,0
703,18,21.150587924490637,6.930108277309477,0
704,37,36.48220489495566,6.886284783809627,0
705,32,26.686769631775956,6.945859482054767,0
706,12,6.616661637193902,7.001525810328735,0
707,43,44.86862193511496,6.857751530879602,0
708,32,22.67328338095158,6.966247420429093,0
709,35,33.5897139470342,6.735691001640052,0
710,23,17.475315232956397,6.792925538452454,0
711,2,17.536279541136985,6.8440134049380195,0
712,16,25.28412591980824,6.88546108786858,0
713,20,23.106191506696128,6.790528258229145,0
714,41,31.079587521534528,6.8891678371322005,0
715,0,13.762483579859062,6.9345621211978115,0
716,24,27.79025631313828,6.857909109982782,0
717,27,34.73827608883094,6.897093837269715,0
718,17,12.76115867174568,6.825203839526447,0
719,22,24.746204454243248,6.681989114284282,0
720,10,6.598139889898734,6.703685994740762,0
721,13,13.028790081650158,6.6564890006895965,0
722,31,22.61886636745917,6.697303983221621,0
723,3,18.472839612605377,6.840007151657508,0
724,37,28.08617261765198,6.7931411465514575,0
725,47,41.60507412074478,6.849647177907956,0
726,2,0.24632053159671763,6.730521765968358,0
727,8,14.240783512318403,6.57754207381708,0
728,0,-9.779475117920391,6.627529498125412,0
729,0,8.795208676356514,6.611323609455225,0
730,35,36.38705177942202,6.591834790640158,0
731,0,11.16972016794793,6.679710642486048,0
732,0,-8.04956246234687,6.732915934602367,0
733,32,25.686571625397658,6.718531329143386,0
734,10,12.832566246880033,6.592585277264743,0
735,10,23.239960535868914,6.732695995585897,0
736,16,20.619752199436526,6.76792567336116,0
737,28,29.177631687413253,6.6525033916292315,0
738,14,9.589920983943461,6.604809655139936,0
739,40,32.4110328055689,6.693400622637634,0
740,0,3.0627855521693377,6.708221000713808,0
741,30,23.72254218909623,6.676667587984916,0
742,0,-5.48281481542201,6.703982500952529,0
743,11,13.570940073231053,6.676269747160464,0
744,23,17.67261540260113,6.711907136380807,0
745,48,36.83595289675081,6.826285580455658,0
746,33,33.06359883091157,6.66356271493791,0
747,0,2.895923443638482,6.505845280227324,0
748,10,16.644766600401894,6.526937461181123,0
749,52,32.42335123845808,6.757507753232028,0
750,4,14.666477610625869,6.721528939276103,0
751,2,-0.24539656198097148,6.745027499578141,0
752,0,7.904707539433634,6.8331094479035475,0
753,0,14.193188671938163,6.978921459389102,0
754,15,23.0340273334213,7.006659196617301,0
755,0,4.908723077367126,6.943370818212221,0
756,30,25.288661388931512,6.688044475832035,0
757,3,12.432070183464944,6.706671593356724,0
758,41,24.539593157447246,6.791726776545673,0
759,5,3.0626522978648456,6.802586551528066,0
760,17,20.651687086025994,6.698021301530974,0
761,25,30.3937701293518,6.687313793392531,0
762,2,2.573824301419343,6.564367349781544,0
763,0,7.2828234755495505,6.557407508327064,0
764,4,16.00553644173116,6.592104759313614,0
765,7,11.687702265416196,6.612310265319837,0
766,0,-10.93574822897748,6.666415635370226,0
767,46,32.420881658909394,6.809096041876662,0
768,0,-1.1917252525120468,6.783701215092137,0
769,0,15.690232279396428,6.907395496007308,0
770,32,20.221994185219312,6.975160637965037,0
771,23,26.832573839669983,6.9537640724907614,0
772,0,8.899779288552658,7.0425681533993245,0
773,3,18.523859443111416,7.113930129045488,0
774,26,31.305431980025215,7.169471067983219,0
775,18,23.54739566680688,7.150455713140905,0
776,5,1.8458624503843097,7.179081834785696,0
777,29,29.38273724408533,7.118008492651747,0
778,0,3.9394288456337545,6.93647253390705,0
779,51,30.230289353946795,7.0593469475139,0
780,1,4.449162548201382,6.995385086799368,0
781,3,2.3110345742342897,6.753271594181534,0
782,0,2.8179927809248273,6.702637201007869,0
783,16,11.687702265416196,6.717158573634032,0
784,3,0.6559825247755011,6.739986353261284,0
785,0,1.8434679937076126,6.696614323579828,0
786,4,-6.229294294744591,6.7571887727290605,0
787,40,38.418874696863384,6.753595064829331,0
788,22,32.7276709210452,6.77110699360429,0
789,0,0.9987744365672828,6.765963098399308,0
790,0,-12.168447345774666,6.849010130633448,0
791,2,1.4190576739055345,6.662068415445416,0
792,12,17.411701143961906,6.613663105747337,0
793,27,21.235425169987735,6.646892897288788,0
794,34,30.133406786783294,6.57122015647318,0
795,11,10.787195487238055,6.401849168134466,0
796,3,7.003460638960931,6.404514222207249,0
797,24,27.904050541971834,6.3565864028715096,0
798,44,44.64396021231747,6.311650388922298,0
799,8,12.637277632760924,6.33528880365377,0
800,7,22.235009490285517,6.483203170906073,0
801,1,-4.186219482341503,6.547671038414714,0
802,0,-1.4632495625057693,6.461197487539275,0
803,42,41.78042866788393,6.270531634033159,0
804,5,6.0808436835929935,6.1726193377987215,0
805,33,32.76975194207853,6.10806086503205,0
806,21,26.68110546420824,6.157153689979611,0
807,8,7.127857496994169,6.090045677363205,0
808,42,34.67517787858176,6.059362514906928,0
809,35,37.26847427657626,5.977778334909675,0
810,0,3.2643683336491183,6.001244791837513,0
811,0,-5.843987098780488,5.93467312847292,0
812,10,1.3241338767202002,5.942501924234582,0
813,0,-8.832740558683117,5.973993326535592,0
814,25,30.820432755929758,6.011341657898713,0
815,40,25.21482720124788,6.030656811184754,0
816,8,17.888961550772102,6.096521928076448,0
817,0,-5.103921674061748,6.1456005529095545,0
818,56,52.972432344877795,6.128319160897876,0
819,9,11.108116221222463,6.059808523732767,0
820,43,25.64502352523876,6.238460910265166,0
821,0,4.493078263666391,6.216156165924699,0
822,0,9.18103947121844,6.262383974122154,0
823,32,26.77344232435383,6.295579194152343,0
824,36,23.672397939202337,6.383081912444828,0
825,3,-5.587323124533331,6.35087286271088,0
826,12,15.453686239727917,6.393248955321084,0
827,39,30.176507006963845,6.467343574688556,0
828,45,37.97698016449865,6.4720717401273,0
829,39,27.446588998951867,6.3717812681211266,0
830,15,10.268711400468632,6.297591405482445,0
831,32,25.54154657519485,6.350254616267748,0
832,31,25.850508301230615,6.315814418259444,0
833,9,3.268344266094539,6.210045256534035,0
834,0,-8.656364052393759,6.21782446552119,0
835,4,9.174074754831917,6.221141361489501,0
836,20,26.75072468555512,6.246633687420584,0
837,48,38.45056238784485,6.248100780279211,0
838,51,42.638003545465544,6.1468706504289825,0
839,36,31.767821356198656,6.17555603719981,0
840,8,7.722362797510263,6.1333804136556065,0
841,22,15.12076520569671,6.1519487219675,0
842,34,32.03574770749543,6.169329071856065,0
843,26,22.67611546473544,6.119842335102502,0
844,20,26.00160850384996,6.044793235878988,0
845,14,15.632804504553329,6.006607013868202,0
846,49,36.589604790223675,6.025040101128188,0
847,0,16.676835815742432,6.063761569561336,0
848,0,7.956582842708162,6.148322289438787,0
849,19,12.597577978381096,6.032224661216569,0
850,7,14.331415266923878,5.976642279368358,0
851,8,14.24107784403212,6.006748579422885,0
852,12,11.686183062953818,5.899424050029054,0
853,0,-0.5242097140651083,5.711928428415975,0
854,3,0.5174845065032585,5.676641972334369,0
855,2,14.567982912757255,5.764399312908749,0
856,25,24.17261165898846,5.735314947801197,0
857,11,10.796189324681102,5.733078365691616,0
858,3,7.830113347961637,5.744211921970715,0
859,7,-4.269928753362983,5.625464648312087,0
860,4,8.28168677659508,5.635871201167008,0
861,14,16.15442016532213,5.654189385411463,0
862,0,-5.033400855082313,5.681881986338432,0
863,1,5.918457029983275,5.689458977530926,0
864,21,27.43001141439605,5.74053390177057,0
865,34,25.610270623474072,5.822362169055799,0
866,8,-0.3300284121710959,5.79862134552363,0
867,14,26.632421583003346,5.936762549021964,0
868,2,2.4882700444719195,5.8087700380647975,0
869,26,21.853755628383098,5.848113412252919,0
870,25,25.539152118518153,5.702747221912212,0
871,43,42.959820023298064,5.695987692544805,0
872,25,25.29717977854694,5.632056175477118,0
873,4,14.363049781930632,5.689537112376098,0
874,15,26.27489315964313,5.782140861706428,0
875,23,22.84285130679298,5.781445163961992,0
876,17,20.32699306303537,5.772989319262922,0
877,0,5.424696879152814,5.791997398477685,0
878,25,15.042167693462003,5.908420799655441,0
879,0,-8.600692755536084,5.9579634886901305,0
