budget,mean_wait,mean_wait_std,p95_wait,max_wait,gini,starvation,mean_improvement_vs_fifo_pct
0,22.323636363636368,4.167125770850053,56.7675,62.95,0.4917987811912273,0.85,-0.40064459246719536
10,22.34363636363636,4.165295024920576,57.904999999999994,66.85,0.5068755781698321,2.05,-0.5249476698167794
20,22.61,4.24588366528966,56.567499999999995,64.0,0.5253733583144788,1.5,-1.698141096974539
30,22.253636363636364,4.280214812713868,57.85,64.2,0.5575279665337151,1.95,-0.11561421652086028
40,21.82,4.1224717771889,60.77749999999999,67.4,0.598887908051257,5.2,1.8175344215457652
60,20.606363636363632,3.741309599680459,73.1075,80.7,0.686414145497608,17.2,7.0607886599165255
80,19.903181818181817,3.6179788373853987,87.45,96.05,0.7361959007917239,19.75,10.199043260561403
120,19.35409090909091,3.524173280934067,104.80749999999998,124.85,0.779758941843181,16.65,12.551302541004771
None,19.21545454545454,3.5524407858808966,105.87749999999997,135.75,0.7867737020912848,16.4,13.17385748016547
