mean_wait,max_wait,p95_wait,mean_turnaround,mean_bounded_slowdown,throughput,fairness_gini,gpu_util,preemptions,pred_wait_mae,run,scheduler,over_factor
20.545454545454547,80.0,61.19999999999999,33.445454545454545,2.8701630333656087,0.36666666666666664,0.5356395816572808,0.6472916666666667,0,,1,FIFO,
16.418181818181818,141.0,84.19999999999999,29.318181818181817,2.0395731021019508,0.36666666666666664,0.7633444075304541,0.6472916666666667,0,,1,SJF,
23.009090909090908,60.0,53.55,35.90909090909091,3.030099303704708,0.36666666666666664,0.43428396968499694,0.6472916666666667,0,,1,BACKFILL,
20.1,127.0,103.1,33.0,2.859179801302303,0.36666666666666664,0.745754697586448,0.6472916666666667,0,19.426956359618767,1,PROACTIVE,
17.2,87.0,70.0,30.1,2.281984024395719,0.36666666666666664,0.6745915817797424,0.6472916666666667,0,,1,SJF_MODAL,
22.945454545454545,63.0,57.55,35.845454545454544,3.0373488172552343,0.36666666666666664,0.45344330788070886,0.6472916666666667,0,,1,BACKFILL_MODAL,
16.418181818181818,141.0,84.19999999999999,29.318181818181817,2.0395731021019508,0.36666666666666664,0.7633444075304541,0.6472916666666667,0,,1,SJF_EST,1.0
23.009090909090908,60.0,53.55,35.90909090909091,3.030099303704708,0.36666666666666664,0.43428396968499694,0.6472916666666667,0,,1,BACKFILL_EST,1.0
16.354545454545455,113.0,77.59999999999997,29.254545454545454,2.1044742317912877,0.36666666666666664,0.7396078629541664,0.6472916666666667,0,,1,SJF_EST,2.0
22.59090909090909,60.0,56.0,35.49090909090909,3.015054476006841,0.36666666666666664,0.47827693433327234,0.6472916666666667,0,,1,BACKFILL_EST,2.0
17.80909090909091,157.0,93.1,30.70909090909091,2.2221946754577626,0.36666666666666664,0.7761984314817393,0.6472916666666667,0,,1,SJF_EST,3.0
23.6,62.0,56.55,36.5,3.0773026721535035,0.36666666666666664,0.45233926320212914,0.6472916666666667,0,,1,BACKFILL_EST,3.0
17.945454545454545,165.0,91.94999999999997,30.845454545454544,2.2954906168588267,0.36666666666666664,0.7610665929814866,0.6472916666666667,0,,1,SJF_EST,5.0
22.454545454545453,66.0,59.0,35.35454545454545,3.0046807895485075,0.36666666666666664,0.5091203533308797,0.6472916666666667,0,,1,BACKFILL_EST,5.0
17.936363636363637,127.0,102.64999999999999,30.836363636363636,2.4170771089857075,0.36666666666666664,0.7611528360134544,0.6472916666666667,0,,1,SJF_EST,10.0
23.09090909090909,62.0,56.55,35.99090909090909,3.053826389195444,0.36666666666666664,0.49100930565497497,0.6472916666666667,0,,1,BACKFILL_EST,10.0
7.336363636363636,34.0,26.0,19.20909090909091,1.7585141891991736,0.36666666666666664,0.5702940182494086,0.5796875,0,,2,FIFO,
5.745454545454545,81.0,25.84999999999998,17.618181818181817,1.4398490412939469,0.36666666666666664,0.773187571921749,0.5796875,0,,2,SJF,
9.136363636363637,34.0,28.19999999999999,21.009090909090908,1.8866155761163503,0.36666666666666664,0.5094979647218453,0.5796875,0,,2,BACKFILL,
8.227272727272727,77.0,50.84999999999998,20.1,1.990621085024054,0.36666666666666664,0.8074836765444501,0.5796875,0,9.089559845423157,2,PROACTIVE,
6.590909090909091,50.0,24.549999999999997,18.463636363636365,1.5507913515948977,0.36666666666666664,0.6520752351097178,0.5796875,0,,2,SJF_MODAL,
8.690909090909091,34.0,26.549999999999997,20.563636363636363,1.8489850303166513,0.36666666666666664,0.5236211487257512,0.5796875,0,,2,BACKFILL_MODAL,
5.745454545454545,81.0,25.84999999999998,17.618181818181817,1.4398490412939469,0.36666666666666664,0.773187571921749,0.5796875,0,,2,SJF_EST,1.0
9.136363636363637,34.0,28.19999999999999,21.009090909090908,1.8866155761163503,0.36666666666666664,0.5094979647218453,0.5796875,0,,2,BACKFILL_EST,1.0
5.7272727272727275,86.0,26.549999999999997,17.6,1.441907657186295,0.36666666666666664,0.7612409812409812,0.5796875,0,,2,SJF_EST,2.0
8.436363636363636,33.0,25.099999999999994,20.30909090909091,1.8154320684006864,0.36666666666666664,0.5356583072100313,0.5796875,0,,2,BACKFILL_EST,2.0
5.618181818181818,85.0,23.299999999999983,17.490909090909092,1.4509328725188562,0.36666666666666664,0.7472197705207414,0.5796875,0,,2,SJF_EST,3.0
8.245454545454546,33.0,24.549999999999997,20.118181818181817,1.805650455378502,0.36666666666666664,0.5299689285356319,0.5796875,0,,2,BACKFILL_EST,3.0
6.5181818181818185,82.0,31.949999999999974,18.39090909090909,1.572400176011561,0.36666666666666664,0.7665145175605427,0.5796875,0,,2,SJF_EST,5.0
7.672727272727273,35.0,26.0,19.545454545454547,1.7494521401371246,0.36666666666666664,0.5732012063765619,0.5796875,0,,2,BACKFILL_EST,5.0
5.718181818181818,79.0,25.64999999999999,17.59090909090909,1.5296090248370011,0.36666666666666664,0.7904755022402081,0.5796875,0,,2,SJF_EST,10.0
8.163636363636364,34.0,25.0,20.036363636363635,1.8176002988552238,0.36666666666666664,0.5292164405750153,0.5796875,0,,2,BACKFILL_EST,10.0
22.645454545454545,56.0,52.0,35.58181818181818,3.166954118019767,0.36666666666666664,0.48696397941680963,0.67375,0,,3,FIFO,
15.781818181818181,182.0,100.39999999999998,28.71818181818182,2.035896096038933,0.36666666666666664,0.8054985337243402,0.67375,0,,3,SJF,
23.618181818181817,55.0,49.0,36.554545454545455,3.2034626205798453,0.36666666666666664,0.4153474700818811,0.67375,0,,3,BACKFILL,
21.12727272727273,175.0,118.55,34.06363636363636,3.0151348046049704,0.36666666666666664,0.7997183539352214,0.67375,0,23.288969047024676,3,PROACTIVE,
19.118181818181817,69.0,59.55,32.054545454545455,2.3612814095480146,0.36666666666666664,0.6230709376215796,0.67375,0,,3,SJF_MODAL,
24.954545454545453,61.0,53.0,37.89090909090909,3.313035173773282,0.36666666666666664,0.43603576751117734,0.67375,0,,3,BACKFILL_MODAL,
15.781818181818181,182.0,100.39999999999998,28.71818181818182,2.035896096038933,0.36666666666666664,0.8054985337243402,0.67375,0,,3,SJF_EST,1.0
23.618181818181817,55.0,49.0,36.554545454545455,3.2034626205798453,0.36666666666666664,0.4153474700818811,0.67375,0,,3,BACKFILL_EST,1.0
16.472727272727273,187.0,80.59999999999997,29.40909090909091,2.17721338462332,0.36666666666666664,0.7981336544250452,0.67375,0,,3,SJF_EST,2.0
23.918181818181818,58.0,52.55,36.85454545454545,3.18399366027849,0.36666666666666664,0.45190905635603473,0.67375,0,,3,BACKFILL_EST,2.0
16.990909090909092,179.0,108.55,29.927272727272726,2.2190049646072727,0.36666666666666664,0.7876015370397393,0.67375,0,,3,SJF_EST,3.0
24.054545454545455,56.0,50.099999999999994,36.99090909090909,3.1853821734134153,0.36666666666666664,0.41684188827045976,0.67375,0,,3,BACKFILL_EST,3.0
17.98181818181818,182.0,94.44999999999989,30.918181818181818,2.2873213603483795,0.36666666666666664,0.7830682967184484,0.67375,0,,3,SJF_EST,5.0
24.69090909090909,58.0,52.0,37.627272727272725,3.312240324565823,0.36666666666666664,0.4192596063730084,0.67375,0,,3,BACKFILL_EST,5.0
17.227272727272727,181.0,80.1,30.163636363636364,2.264026447916471,0.36666666666666664,0.7839817702086831,0.67375,0,,3,SJF_EST,10.0
23.12727272727273,60.0,52.55,36.06363636363636,3.079977002506203,0.36666666666666664,0.47650800457404235,0.67375,0,,3,BACKFILL_EST,10.0
16.836363636363636,55.0,51.099999999999994,29.28181818181818,2.713553358328196,0.36666666666666664,0.5724229334380523,0.65,0,,4,FIFO,
13.063636363636364,181.0,77.04999999999997,25.509090909090908,1.8428835156150105,0.36666666666666664,0.8028405136964636,0.65,0,,4,SJF,
20.6,50.0,49.0,33.04545454545455,3.021163719673078,0.36666666666666664,0.431035866163845,0.65,0,,4,BACKFILL,
18.59090909090909,96.0,88.1,31.036363636363635,2.96516094207728,0.36666666666666664,0.7514069793287397,0.65,0,17.125098645661705,4,PROACTIVE,
14.563636363636364,91.0,65.55,27.009090909090908,2.066533976390436,0.36666666666666664,0.6741232550221313,0.65,0,,4,SJF_MODAL,
21.363636363636363,53.0,51.55,33.80909090909091,3.1159126599469262,0.36666666666666664,0.45226305609284334,0.65,0,,4,BACKFILL_MODAL,
13.063636363636364,181.0,77.04999999999997,25.509090909090908,1.8428835156150105,0.36666666666666664,0.8028405136964636,0.65,0,,4,SJF_EST,1.0
20.6,50.0,49.0,33.04545454545455,3.021163719673078,0.36666666666666664,0.431035866163845,0.65,0,,4,BACKFILL_EST,1.0
13.118181818181819,172.0,67.39999999999998,25.563636363636363,1.900342226104258,0.36666666666666664,0.7713916713916714,0.65,0,,4,SJF_EST,2.0
20.645454545454545,52.0,48.55,33.09090909090909,3.0275113468559147,0.36666666666666664,0.4669909130939514,0.65,0,,4,BACKFILL_EST,2.0
13.427272727272728,175.0,83.44999999999995,25.87272727272727,2.006819590094991,0.36666666666666664,0.7878192897150244,0.65,0,,4,SJF_EST,3.0
20.118181818181817,51.0,47.099999999999994,32.56363636363636,2.9566717420787922,0.36666666666666664,0.4637760341782032,0.65,0,,4,BACKFILL_EST,3.0
13.6,175.0,79.04999999999997,26.045454545454547,2.010189082581427,0.36666666666666664,0.7806149732620321,0.65,0,,4,SJF_EST,5.0
20.081818181818182,58.0,55.55,32.527272727272724,2.972303703895317,0.36666666666666664,0.4956870653113297,0.65,0,,4,BACKFILL_EST,5.0
13.945454545454545,176.0,73.0,26.39090909090909,2.0465361897148413,0.36666666666666664,0.7682470072300581,0.65,0,,4,SJF_EST,10.0
20.381818181818183,58.0,49.0,32.82727272727273,2.972622334001802,0.36666666666666664,0.45754602222042007,0.65,0,,4,BACKFILL_EST,10.0
12.845454545454546,51.0,35.0,25.345454545454544,2.279102481157083,0.36666666666666664,0.5281026828797529,0.6079166666666667,0,,5,FIFO,
9.163636363636364,164.0,65.94999999999997,21.663636363636364,1.583555006537697,0.36666666666666664,0.7973665223665223,0.6079166666666667,0,,5,SJF,
15.154545454545454,38.0,34.55,27.654545454545456,2.4961846627041537,0.36666666666666664,0.42833069749686425,0.6079166666666667,0,,5,BACKFILL,
12.263636363636364,106.0,82.0,24.763636363636362,2.176628231433326,0.36666666666666664,0.8183502931464385,0.6079166666666667,0,14.81734291062775,5,PROACTIVE,
10.345454545454546,63.0,49.0,22.845454545454544,1.7678627169184444,0.36666666666666664,0.7311391596101613,0.6079166666666667,0,,5,SJF_MODAL,
14.554545454545455,37.0,33.55,27.054545454545455,2.4248427040483054,0.36666666666666664,0.44288796774743056,0.6079166666666667,0,,5,BACKFILL_MODAL,
9.163636363636364,164.0,65.94999999999997,21.663636363636364,1.583555006537697,0.36666666666666664,0.7973665223665223,0.6079166666666667,0,,5,SJF_EST,1.0
15.154545454545454,38.0,34.55,27.654545454545456,2.4961846627041537,0.36666666666666664,0.42833069749686425,0.6079166666666667,0,,5,BACKFILL_EST,1.0
9.2,173.0,46.55,21.7,1.6454246964843644,0.36666666666666664,0.8042400287459577,0.6079166666666667,0,,5,SJF_EST,2.0
14.518181818181818,38.0,32.099999999999994,27.01818181818182,2.4561074181627234,0.36666666666666664,0.4495986793419479,0.6079166666666667,0,,5,BACKFILL_EST,2.0
9.463636363636363,175.0,54.34999999999995,21.963636363636365,1.6724109468571893,0.36666666666666664,0.837332984018863,0.6079166666666667,0,,5,SJF_EST,3.0
15.4,42.0,38.0,27.9,2.5350176587961553,0.36666666666666664,0.4703767307073092,0.6079166666666667,0,,5,BACKFILL_EST,3.0
9.718181818181819,173.0,50.049999999999855,22.21818181818182,1.6997797587376813,0.36666666666666664,0.8368993962071606,0.6079166666666667,0,,5,SJF_EST,5.0
15.00909090909091,37.0,33.0,27.509090909090908,2.484410690397885,0.36666666666666664,0.42720665161610044,0.6079166666666667,0,,5,BACKFILL_EST,5.0
9.954545454545455,175.0,54.79999999999984,22.454545454545453,1.7531305210097783,0.36666666666666664,0.8144873391448734,0.6079166666666667,0,,5,SJF_EST,10.0
14.236363636363636,44.0,35.55,26.736363636363638,2.3962763643617846,0.36666666666666664,0.49213978869151287,0.6079166666666667,0,,5,BACKFILL_EST,10.0
17.10909090909091,66.0,57.55,29.9,2.566283027492568,0.36666666666666664,0.6005023669210704,0.6715625,0,,6,FIFO,
13.663636363636364,143.0,71.49999999999997,26.454545454545453,1.8671248518032926,0.36666666666666664,0.7661706889251799,0.6715625,0,,6,SJF,
17.854545454545455,66.0,58.55,30.645454545454545,2.6387413972961404,0.36666666666666664,0.5813830772079245,0.6715625,0,,6,BACKFILL,
16.154545454545456,103.0,93.1,28.945454545454545,2.422970417369165,0.36666666666666664,0.7717450248119916,0.6715625,0,16.527510481842118,6,PROACTIVE,
14.7,71.0,62.0,27.490909090909092,2.036223945902738,0.36666666666666664,0.7079608702985325,0.6715625,0,,6,SJF_MODAL,
19.654545454545456,68.0,60.55,32.445454545454545,2.809070193378876,0.36666666666666664,0.5421242956858128,0.6715625,0,,6,BACKFILL_MODAL,
13.663636363636364,143.0,71.49999999999997,26.454545454545453,1.8671248518032926,0.36666666666666664,0.7661706889251799,0.6715625,0,,6,SJF_EST,1.0
17.854545454545455,66.0,58.55,30.645454545454545,2.6387413972961404,0.36666666666666664,0.5813830772079245,0.6715625,0,,6,BACKFILL_EST,1.0
13.754545454545454,140.0,73.55,26.545454545454547,1.925685827760131,0.36666666666666664,0.7726191191491918,0.6715625,0,,6,SJF_EST,2.0
17.827272727272728,68.0,56.19999999999999,30.618181818181817,2.640620814514003,0.36666666666666664,0.5875898196652913,0.6715625,0,,6,BACKFILL_EST,2.0
14.181818181818182,142.0,75.64999999999999,26.972727272727273,2.0086763301979316,0.36666666666666664,0.7737878787878788,0.6715625,0,,6,SJF_EST,3.0
17.763636363636362,66.0,57.55,30.554545454545455,2.6313013274760393,0.36666666666666664,0.5962594212338327,0.6715625,0,,6,BACKFILL_EST,3.0
14.418181818181818,128.0,75.29999999999998,27.20909090909091,2.0385229326448013,0.36666666666666664,0.7662501432993236,0.6715625,0,,6,SJF_EST,5.0
17.90909090909091,67.0,58.55,30.7,2.6583743623312297,0.36666666666666664,0.5975634517766498,0.6715625,0,,6,BACKFILL_EST,5.0
14.463636363636363,147.0,67.55,27.254545454545454,2.032897727057944,0.36666666666666664,0.764556311067939,0.6715625,0,,6,SJF_EST,10.0
17.472727272727273,67.0,59.55,30.263636363636362,2.6138833238484938,0.36666666666666664,0.6087219752152115,0.6715625,0,,6,BACKFILL_EST,10.0
14.445454545454545,51.0,43.0,27.1,2.416247579585252,0.36666666666666664,0.5727043881228904,0.6458333333333334,0,,7,FIFO,
10.418181818181818,153.0,60.55,23.072727272727274,1.6571023597145886,0.36666666666666664,0.8008884658099318,0.6458333333333334,0,,7,SJF,
16.763636363636362,47.0,40.0,29.418181818181818,2.635345825992815,0.36666666666666664,0.4556103332676001,0.6458333333333334,0,,7,BACKFILL,
13.536363636363637,143.0,88.19999999999999,26.19090909090909,2.2364785719331173,0.36666666666666664,0.8168935832468404,0.6458333333333334,0,16.377021679214455,7,PROACTIVE,
11.881818181818181,57.0,51.0,24.536363636363635,1.8522324736432532,0.36666666666666664,0.6776865827363149,0.6458333333333334,0,,7,SJF_MODAL,
17.363636363636363,51.0,44.0,30.01818181818182,2.6927992984202525,0.36666666666666664,0.42512137077582096,0.6458333333333334,0,,7,BACKFILL_MODAL,
10.418181818181818,153.0,60.55,23.072727272727274,1.6571023597145886,0.36666666666666664,0.8008884658099318,0.6458333333333334,0,,7,SJF_EST,1.0
16.763636363636362,47.0,40.0,29.418181818181818,2.635345825992815,0.36666666666666664,0.4556103332676001,0.6458333333333334,0,,7,BACKFILL_EST,1.0
10.254545454545454,179.0,46.749999999999986,22.90909090909091,1.664190482056018,0.36666666666666664,0.7984687298517085,0.6458333333333334,0,,7,SJF_EST,2.0
16.98181818181818,49.0,45.55,29.636363636363637,2.6391183992306275,0.36666666666666664,0.4529686587502433,0.6458333333333334,0,,7,BACKFILL_EST,2.0
10.463636363636363,178.0,51.69999999999996,23.118181818181817,1.6825373153521903,0.36666666666666664,0.827904588895032,0.6458333333333334,0,,7,SJF_EST,3.0
15.89090909090909,51.0,43.099999999999994,28.545454545454547,2.5506976897840254,0.36666666666666664,0.4928853754940712,0.6458333333333334,0,,7,BACKFILL_EST,3.0
11.136363636363637,183.0,52.69999999999996,23.79090909090909,1.7770304473101404,0.36666666666666664,0.8103376623376624,0.6458333333333334,0,,7,SJF_EST,5.0
17.036363636363635,52.0,44.55,29.69090909090909,2.642421800062526,0.36666666666666664,0.4526632385757252,0.6458333333333334,0,,7,BACKFILL_EST,5.0
11.281818181818181,182.0,51.949999999999974,23.936363636363637,1.7946868642506129,0.36666666666666664,0.8083144092007912,0.6458333333333334,0,,7,SJF_EST,10.0
17.063636363636363,50.0,43.55,29.71818181818182,2.6906709699360274,0.36666666666666664,0.46305516539933167,0.6458333333333334,0,,7,BACKFILL_EST,10.0
19.545454545454547,57.0,53.0,32.4,2.8362823944279754,0.36666666666666664,0.4948414376321353,0.6542708333333334,0,,8,FIFO,
13.454545454545455,151.0,82.64999999999999,26.30909090909091,1.830613198174062,0.36666666666666664,0.7881818181818182,0.6542708333333334,0,,8,SJF,
22.327272727272728,60.0,56.55,35.18181818181818,3.0933047629888324,0.36666666666666664,0.44552117263843644,0.6542708333333334,0,,8,BACKFILL,
17.972727272727273,151.0,96.1,30.827272727272728,2.816045365765672,0.36666666666666664,0.7821170736193498,0.6542708333333334,0,18.446895391153255,8,PROACTIVE,
14.381818181818181,75.0,64.1,27.236363636363638,1.98761750035779,0.36666666666666664,0.6690610274681071,0.6542708333333334,0,,8,SJF_MODAL,
22.37272727272727,59.0,55.0,35.22727272727273,3.0894278801849864,0.36666666666666664,0.4566621107458166,0.6542708333333334,0,,8,BACKFILL_MODAL,
13.454545454545455,151.0,82.64999999999999,26.30909090909091,1.830613198174062,0.36666666666666664,0.7881818181818182,0.6542708333333334,0,,8,SJF_EST,1.0
22.327272727272728,60.0,56.55,35.18181818181818,3.0933047629888324,0.36666666666666664,0.44552117263843644,0.6542708333333334,0,,8,BACKFILL_EST,1.0
13.318181818181818,179.0,72.54999999999994,26.172727272727272,1.868714736142614,0.36666666666666664,0.7788209742475953,0.6542708333333334,0,,8,SJF_EST,2.0
22.990909090909092,60.0,55.0,35.845454545454544,3.0748235981581047,0.36666666666666664,0.46206190014019194,0.6542708333333334,0,,8,BACKFILL_EST,2.0
12.945454545454545,178.0,66.99999999999994,25.8,1.8376326848871176,0.36666666666666664,0.7841036772216549,0.6542708333333334,0,,8,SJF_EST,3.0
21.29090909090909,65.0,56.099999999999994,34.14545454545455,2.9934515193190965,0.36666666666666664,0.5015914913438397,0.6542708333333334,0,,8,BACKFILL_EST,3.0
13.054545454545455,173.0,72.94999999999992,25.90909090909091,1.890447012294395,0.36666666666666664,0.7832742466447202,0.6542708333333334,0,,8,SJF_EST,5.0
22.263636363636362,62.0,54.55,35.11818181818182,3.09339578350942,0.36666666666666664,0.4593600356360667,0.6542708333333334,0,,8,BACKFILL_EST,5.0
14.1,173.0,75.69999999999996,26.954545454545453,1.9872675008092262,0.36666666666666664,0.7656702420725632,0.6542708333333334,0,,8,SJF_EST,10.0
22.19090909090909,62.0,55.55,35.04545454545455,3.08822508299781,0.36666666666666664,0.4614167070127742,0.6542708333333334,0,,8,BACKFILL_EST,10.0
14.681818181818182,42.0,39.0,26.754545454545454,2.369663146841588,0.36666666666666664,0.4642668167745567,0.6292708333333333,0,,9,FIFO,
11.245454545454546,142.0,54.599999999999966,23.318181818181817,1.7476507497021851,0.36666666666666664,0.7654369074740941,0.6292708333333333,0,,9,SJF,
16.681818181818183,43.0,38.0,28.754545454545454,2.6067076718431204,0.36666666666666664,0.37333168194203614,0.6292708333333333,0,,9,BACKFILL,
14.263636363636364,165.0,63.55,26.336363636363636,2.2949347470554904,0.36666666666666664,0.8076423894779535,0.6292708333333333,0,15.822503992102362,9,PROACTIVE,
13.145454545454545,54.0,45.64999999999999,25.21818181818182,1.987371168485016,0.36666666666666664,0.6244687539293349,0.6292708333333333,0,,9,SJF_MODAL,
17.509090909090908,42.0,38.55,29.581818181818182,2.6759787047786627,0.36666666666666664,0.3673463608043048,0.6292708333333333,0,,9,BACKFILL_MODAL,
11.245454545454546,142.0,54.599999999999966,23.318181818181817,1.7476507497021851,0.36666666666666664,0.7654369074740941,0.6292708333333333,0,,9,SJF_EST,1.0
16.681818181818183,43.0,38.0,28.754545454545454,2.6067076718431204,0.36666666666666664,0.37333168194203614,0.6292708333333333,0,,9,BACKFILL_EST,1.0
11.663636363636364,144.0,64.79999999999995,23.736363636363638,1.7925550531886727,0.36666666666666664,0.7746404024658117,0.6292708333333333,0,,9,SJF_EST,2.0
17.28181818181818,41.0,36.55,29.354545454545455,2.676081432952387,0.36666666666666664,0.36486538185643913,0.6292708333333333,0,,9,BACKFILL_EST,2.0
11.745454545454546,152.0,57.69999999999996,23.818181818181817,1.8271418120063634,0.36666666666666664,0.793414016324233,0.6292708333333333,0,,9,SJF_EST,3.0
17.354545454545455,42.0,37.55,29.427272727272726,2.6505649031676337,0.36666666666666664,0.32662031525310725,0.6292708333333333,0,,9,BACKFILL_EST,3.0
11.8,155.0,63.29999999999998,23.87272727272727,1.8385116923996045,0.36666666666666664,0.7886258579633002,0.6292708333333333,0,,9,SJF_EST,5.0
17.60909090909091,40.0,36.099999999999994,29.681818181818183,2.6548121529704,0.36666666666666664,0.3129722626366922,0.6292708333333333,0,,9,BACKFILL_EST,5.0
11.7,149.0,72.34999999999995,23.772727272727273,1.866000466291066,0.36666666666666664,0.8067740340467614,0.6292708333333333,0,,9,SJF_EST,10.0
16.945454545454545,43.0,38.0,29.01818181818182,2.6056465608460404,0.36666666666666664,0.3844713226687476,0.6292708333333333,0,,9,BACKFILL_EST,10.0
18.37272727272727,73.0,60.0,30.80909090909091,2.7961489980998144,0.36666666666666664,0.540879852458279,0.6389583333333333,0,,10,FIFO,
13.472727272727273,164.0,69.1,25.90909090909091,1.9526705338396162,0.36666666666666664,0.7696847012636486,0.6389583333333333,0,,10,SJF,
18.98181818181818,60.0,58.0,31.418181818181818,2.9042372329643653,0.36666666666666664,0.5649686520376175,0.6389583333333333,0,,10,BACKFILL,
16.545454545454547,114.0,84.0,28.98181818181818,2.5082478550860903,0.36666666666666664,0.7561438561438562,0.6389583333333333,0,16.965015983175146,10,PROACTIVE,
14.454545454545455,78.0,68.55,26.89090909090909,2.116917246019765,0.36666666666666664,0.690611778158948,0.6389583333333333,0,,10,SJF_MODAL,
21.20909090909091,62.0,59.55,33.64545454545455,3.1053354664380564,0.36666666666666664,0.5375638078167011,0.6389583333333333,0,,10,BACKFILL_MODAL,
13.472727272727273,164.0,69.1,25.90909090909091,1.9526705338396162,0.36666666666666664,0.7696847012636486,0.6389583333333333,0,,10,SJF_EST,1.0
18.98181818181818,60.0,58.0,31.418181818181818,2.9042372329643653,0.36666666666666664,0.5649686520376175,0.6389583333333333,0,,10,BACKFILL_EST,1.0
14.654545454545454,161.0,89.19999999999999,27.09090909090909,2.0765113689825205,0.36666666666666664,0.8024362734040154,0.6389583333333333,0,,10,SJF_EST,2.0
19.263636363636362,63.0,61.099999999999994,31.7,2.8501960043505923,0.36666666666666664,0.5460852031404179,0.6389583333333333,0,,10,BACKFILL_EST,2.0
13.718181818181819,172.0,87.0,26.154545454545456,2.0333693399901533,0.36666666666666664,0.8176335923850835,0.6389583333333333,0,,10,SJF_EST,3.0
20.581818181818182,62.0,56.55,33.018181818181816,3.017736138404236,0.36666666666666664,0.5190571795695471,0.6389583333333333,0,,10,BACKFILL_EST,3.0
14.309090909090909,166.0,78.64999999999999,26.745454545454546,2.1162564885703783,0.36666666666666664,0.7808478687767124,0.6389583333333333,0,,10,SJF_EST,5.0
20.2,59.0,57.55,32.63636363636363,3.0045097120332835,0.36666666666666664,0.540283119221013,0.6389583333333333,0,,10,BACKFILL_EST,5.0
14.50909090909091,163.0,76.1,26.945454545454545,2.118724566861353,0.36666666666666664,0.7756664388243335,0.6389583333333333,0,,10,SJF_EST,10.0
19.4,64.0,59.0,31.836363636363636,2.9151051489399364,0.36666666666666664,0.5535741671636705,0.6389583333333333,0,,10,BACKFILL_EST,10.0
7.172727272727273,37.0,29.19999999999999,19.836363636363636,1.6895500595426713,0.36666666666666664,0.6059569074778199,0.5840625,0,,11,FIFO,
6.1,48.0,33.19999999999999,18.763636363636362,1.435282009090762,0.36666666666666664,0.736038477171115,0.5840625,0,,11,SJF,
8.718181818181819,34.0,26.549999999999997,21.381818181818183,1.8397086618075922,0.36666666666666664,0.5047587449047303,0.5840625,0,,11,BACKFILL,
7.181818181818182,49.0,39.55,19.845454545454544,1.6746065536552448,0.36666666666666664,0.7711162255466053,0.5840625,0,6.528603194675155,11,PROACTIVE,
5.963636363636364,35.0,32.55,18.62727272727273,1.4589158272693314,0.36666666666666664,0.7008869179600886,0.5840625,0,,11,SJF_MODAL,
8.790909090909091,34.0,27.549999999999997,21.454545454545453,1.8624257371221202,0.36666666666666664,0.513594058475134,0.5840625,0,,11,BACKFILL_MODAL,
6.1,48.0,33.19999999999999,18.763636363636362,1.435282009090762,0.36666666666666664,0.736038477171115,0.5840625,0,,11,SJF_EST,1.0
8.718181818181819,34.0,26.549999999999997,21.381818181818183,1.8397086618075922,0.36666666666666664,0.5047587449047303,0.5840625,0,,11,BACKFILL_EST,1.0
6.127272727272727,58.0,34.749999999999986,18.79090909090909,1.4301070644182097,0.36666666666666664,0.7778257350957648,0.5840625,0,,11,SJF_EST,2.0
9.054545454545455,34.0,28.0,21.71818181818182,1.8627683303499514,0.36666666666666664,0.5273092369477912,0.5840625,0,,11,BACKFILL_EST,2.0
5.9,59.0,33.55,18.563636363636363,1.4317659735736012,0.36666666666666664,0.7845776719428492,0.5840625,0,,11,SJF_EST,3.0
8.89090909090909,35.0,27.0,21.554545454545455,1.8622485557332873,0.36666666666666664,0.5216954824316787,0.5840625,0,,11,BACKFILL_EST,3.0
6.072727272727272,63.0,30.549999999999997,18.736363636363638,1.4691552937243197,0.36666666666666664,0.7734893848666303,0.5840625,0,,11,SJF_EST,5.0
8.772727272727273,34.0,27.0,21.436363636363637,1.8173409144331603,0.36666666666666664,0.5490249646726331,0.5840625,0,,11,BACKFILL_EST,5.0
6.2272727272727275,62.0,34.55,18.89090909090909,1.4835579773839698,0.36666666666666664,0.7744260119442601,0.5840625,0,,11,SJF_EST,10.0
8.281818181818181,34.0,26.549999999999997,20.945454545454545,1.7576935749539886,0.36666666666666664,0.5618900309350364,0.5840625,0,,11,BACKFILL_EST,10.0
23.618181818181817,59.0,52.099999999999994,36.13636363636363,3.3732481687871503,0.36666666666666664,0.43602071523549585,0.6528125,0,,12,FIFO,
15.3,162.0,79.74999999999999,27.818181818181817,1.9942242833549477,0.36666666666666664,0.7586074650245773,0.6528125,0,,12,SJF,
25.48181818181818,60.0,55.55,38.0,3.4492445571596995,0.36666666666666664,0.4220705088703662,0.6528125,0,,12,BACKFILL,
22.345454545454544,131.0,118.64999999999999,34.86363636363637,3.5848503847451925,0.36666666666666664,0.7715807382202826,0.6528125,0,26.918676634486342,12,PROACTIVE,
18.918181818181818,75.0,58.55,31.436363636363637,2.406086305608892,0.36666666666666664,0.586304661220567,0.6528125,0,,12,SJF_MODAL,
26.48181818181818,62.0,57.55,39.0,3.5546843107872514,0.36666666666666664,0.41300440033704705,0.6528125,0,,12,BACKFILL_MODAL,
15.3,162.0,79.74999999999999,27.818181818181817,1.9942242833549477,0.36666666666666664,0.7586074650245773,0.6528125,0,,12,SJF_EST,1.0
25.48181818181818,60.0,55.55,38.0,3.4492445571596995,0.36666666666666664,0.4220705088703662,0.6528125,0,,12,BACKFILL_EST,1.0
16.645454545454545,171.0,84.19999999999999,29.163636363636364,2.1619023372333954,0.36666666666666664,0.7650017377488705,0.6528125,0,,12,SJF_EST,2.0
25.754545454545454,62.0,59.0,38.27272727272727,3.4353292934822637,0.36666666666666664,0.42491095209062024,0.6528125,0,,12,BACKFILL_EST,2.0
16.054545454545455,164.0,99.64999999999999,28.572727272727274,2.1480363208343083,0.36666666666666664,0.7727169772469886,0.6528125,0,,12,SJF_EST,3.0
25.263636363636362,62.0,56.099999999999994,37.78181818181818,3.3790409595486284,0.36666666666666664,0.4230920213287972,0.6528125,0,,12,BACKFILL_EST,3.0
17.327272727272728,170.0,97.09999999999994,29.845454545454544,2.4714370852120644,0.36666666666666664,0.7566440904321281,0.6528125,0,,12,SJF_EST,5.0
25.927272727272726,63.0,58.0,38.445454545454545,3.4168042641209673,0.36666666666666664,0.42674359301287773,0.6528125,0,,12,BACKFILL_EST,5.0
18.20909090909091,166.0,103.1,30.727272727272727,2.4262979537740303,0.36666666666666664,0.7639404529569283,0.6528125,0,,12,SJF_EST,10.0
25.37272727272727,64.0,58.099999999999994,37.89090909090909,3.3801233965552853,0.36666666666666664,0.4210644604410279,0.6528125,0,,12,BACKFILL_EST,10.0
12.954545454545455,42.0,36.0,25.2,2.2545765953797896,0.36666666666666664,0.5094545454545455,0.5971875,0,,13,FIFO,
8.818181818181818,136.0,56.799999999999955,21.063636363636363,1.5897872944752343,0.36666666666666664,0.797319587628866,0.5971875,0,,13,SJF,
15.309090909090909,39.0,33.55,27.554545454545455,2.4854633127216155,0.36666666666666664,0.43179658820988986,0.5971875,0,,13,BACKFILL,
11.045454545454545,107.0,72.1,23.29090909090909,2.08075293084968,0.36666666666666664,0.8121885521885522,0.5971875,0,12.722221934372051,13,PROACTIVE,
9.645454545454545,87.0,55.55,21.89090909090909,1.6964496745319289,0.36666666666666664,0.7458229800359866,0.5971875,0,,13,SJF_MODAL,
16.2,43.0,34.0,28.445454545454545,2.5699793486449125,0.36666666666666664,0.4359963269054178,0.5971875,0,,13,BACKFILL_MODAL,
8.818181818181818,136.0,56.799999999999955,21.063636363636363,1.5897872944752343,0.36666666666666664,0.797319587628866,0.5971875,0,,13,SJF_EST,1.0
15.309090909090909,39.0,33.55,27.554545454545455,2.4854633127216155,0.36666666666666664,0.43179658820988986,0.5971875,0,,13,BACKFILL_EST,1.0
9.027272727272727,139.0,53.299999999999926,21.272727272727273,1.5915425302408137,0.36666666666666664,0.8063261008880344,0.5971875,0,,13,SJF_EST,2.0
15.754545454545454,44.0,35.55,28.0,2.488956163531874,0.36666666666666664,0.45093112311808214,0.5971875,0,,13,BACKFILL_EST,2.0
9.1,133.0,52.649999999999935,21.345454545454544,1.6177536991419625,0.36666666666666664,0.8051857233675416,0.5971875,0,,13,SJF_EST,3.0
15.4,42.0,34.0,27.645454545454545,2.490828684910799,0.36666666666666664,0.47049479446173664,0.5971875,0,,13,BACKFILL_EST,3.0
8.881818181818181,126.0,56.499999999999915,21.12727272727273,1.628531757356694,0.36666666666666664,0.8038429329115101,0.5971875,0,,13,SJF_EST,5.0
15.10909090909091,44.0,35.0,27.354545454545455,2.4543708590327644,0.36666666666666664,0.48284651569850123,0.5971875,0,,13,BACKFILL_EST,5.0
9.063636363636364,132.0,52.09999999999994,21.30909090909091,1.6484954078273106,0.36666666666666664,0.8162761010303637,0.5971875,0,,13,SJF_EST,10.0
15.118181818181819,38.0,35.0,27.363636363636363,2.440441579990201,0.36666666666666664,0.46975892417864756,0.5971875,0,,13,BACKFILL_EST,10.0
27.6,65.0,58.0,40.845454545454544,3.482524801558013,0.36666666666666664,0.38412384716732545,0.7073958333333333,0,,14,FIFO,
18.2,150.0,115.29999999999998,31.445454545454545,2.0851527505861873,0.36666666666666664,0.7884842430296976,0.7073958333333333,0,,14,SJF,
28.245454545454546,66.0,58.55,41.49090909090909,3.586419371001766,0.36666666666666664,0.42960763086286097,0.7073958333333333,0,,14,BACKFILL,
25.081818181818182,193.0,127.74999999999999,38.32727272727273,3.495512002890626,0.36666666666666664,0.7954232429404593,0.7073958333333333,0,31.7906040021811,14,PROACTIVE,
21.136363636363637,90.0,77.74999999999999,34.38181818181818,2.3831048831629325,0.36666666666666664,0.6383460410557185,0.7073958333333333,0,,14,SJF_MODAL,
29.445454545454545,66.0,59.55,42.69090909090909,3.688481666291615,0.36666666666666664,0.3912908024362176,0.7073958333333333,0,,14,BACKFILL_MODAL,
18.2,150.0,115.29999999999998,31.445454545454545,2.0851527505861873,0.36666666666666664,0.7884842430296976,0.7073958333333333,0,,14,SJF_EST,1.0
28.245454545454546,66.0,58.55,41.49090909090909,3.586419371001766,0.36666666666666664,0.42960763086286097,0.7073958333333333,0,,14,BACKFILL_EST,1.0
19.2,170.0,113.0,32.445454545454545,2.1767136387629633,0.36666666666666664,0.7984159779614325,0.7073958333333333,0,,14,SJF_EST,2.0
30.09090909090909,69.0,60.0,43.336363636363636,3.6993254977736405,0.36666666666666664,0.37101895083768194,0.7073958333333333,0,,14,BACKFILL_EST,2.0
19.318181818181817,188.0,117.0,32.56363636363636,2.2342365720169686,0.36666666666666664,0.7858695187165775,0.7073958333333333,0,,14,SJF_EST,3.0
30.845454545454544,68.0,59.55,44.09090909090909,3.7682676277033154,0.36666666666666664,0.34910644910644906,0.7073958333333333,0,,14,BACKFILL_EST,3.0
19.654545454545456,186.0,114.94999999999997,32.9,2.285309521411759,0.36666666666666664,0.787923639727525,0.7073958333333333,0,,14,SJF_EST,5.0
30.59090909090909,69.0,59.099999999999994,43.836363636363636,3.7260137154648842,0.36666666666666664,0.34711603404025393,0.7073958333333333,0,,14,BACKFILL_EST,5.0
20.427272727272726,183.0,122.89999999999995,33.67272727272727,2.3908491507710474,0.36666666666666664,0.8008617550673625,0.7073958333333333,0,,14,SJF_EST,10.0
29.263636363636362,69.0,61.0,42.50909090909091,3.605837480294981,0.36666666666666664,0.4083170945239911,0.7073958333333333,0,,14,BACKFILL_EST,10.0
14.090909090909092,41.0,35.55,26.236363636363638,2.4016197122997713,0.36666666666666664,0.46430498533724335,0.6066666666666667,0,,15,FIFO,
9.172727272727272,154.0,52.749999999999986,21.318181818181817,1.5856005068906138,0.36666666666666664,0.8127128570141454,0.6066666666666667,0,,15,SJF,
16.327272727272728,37.0,33.0,28.472727272727273,2.588232847811725,0.36666666666666664,0.36448673820611466,0.6066666666666667,0,,15,BACKFILL,
11.272727272727273,149.0,67.19999999999999,23.418181818181818,2.036148407601405,0.36666666666666664,0.8488563049853373,0.6066666666666667,0,15.052259947799824,15,PROACTIVE,
11.9,61.0,38.55,24.045454545454547,1.8417950740428224,0.36666666666666664,0.6248558927703313,0.6066666666666667,0,,15,SJF_MODAL,
17.445454545454545,38.0,33.0,29.59090909090909,2.72177576438166,0.36666666666666664,0.372101947036809,0.6066666666666667,0,,15,BACKFILL_MODAL,
9.172727272727272,154.0,52.749999999999986,21.318181818181817,1.5856005068906138,0.36666666666666664,0.8127128570141454,0.6066666666666667,0,,15,SJF_EST,1.0
16.327272727272728,37.0,33.0,28.472727272727273,2.588232847811725,0.36666666666666664,0.36448673820611466,0.6066666666666667,0,,15,BACKFILL_EST,1.0
10.3,136.0,54.24999999999996,22.445454545454545,1.709033137680408,0.36666666666666664,0.8093155740993341,0.6066666666666667,0,,15,SJF_EST,2.0
16.2,39.0,35.0,28.345454545454544,2.5422453633085498,0.36666666666666664,0.39180695847362507,0.6066666666666667,0,,15,BACKFILL_EST,2.0
10.645454545454545,156.0,42.69999999999996,22.79090909090909,1.7537516147423269,0.36666666666666664,0.7879590093936806,0.6066666666666667,0,,15,SJF_EST,3.0
16.29090909090909,38.0,35.55,28.436363636363637,2.5719182973264036,0.36666666666666664,0.3905336850649351,0.6066666666666667,0,,15,BACKFILL_EST,3.0
10.4,158.0,44.949999999999974,22.545454545454547,1.7758850428506354,0.36666666666666664,0.8015416401780039,0.6066666666666667,0,,15,SJF_EST,5.0
16.6,39.0,36.0,28.745454545454546,2.6287038771185975,0.36666666666666664,0.40235985263367513,0.6066666666666667,0,,15,BACKFILL_EST,5.0
11.127272727272727,139.0,43.19999999999999,23.272727272727273,1.8269285298464868,0.36666666666666664,0.7642008318478907,0.6066666666666667,0,,15,SJF_EST,10.0
16.2,39.0,35.0,28.345454545454544,2.5623195656955873,0.36666666666666664,0.39360269360269357,0.6066666666666667,0,,15,BACKFILL_EST,10.0
20.745454545454546,66.0,59.55,33.527272727272724,2.848766118212712,0.36666666666666664,0.546083977372321,0.6785416666666667,0,,16,FIFO,
15.936363636363636,156.0,88.84999999999998,28.71818181818182,1.9923130110890457,0.36666666666666664,0.7813047762277653,0.6785416666666667,0,,16,SJF,
23.172727272727272,57.0,55.0,35.95454545454545,3.1174825182635484,0.36666666666666664,0.4665394628909733,0.6785416666666667,0,,16,BACKFILL,
19.645454545454545,122.0,98.0,32.42727272727273,2.708687217885782,0.36666666666666664,0.7696394766732574,0.6785416666666667,0,20.10069676776501,16,PROACTIVE,
18.063636363636363,78.0,67.0,30.845454545454544,2.2537420251668774,0.36666666666666664,0.677288740449284,0.6785416666666667,0,,16,SJF_MODAL,
23.89090909090909,60.0,56.55,36.67272727272727,3.1938125605357515,0.36666666666666664,0.456171302061713,0.6785416666666667,0,,16,BACKFILL_MODAL,
15.936363636363636,156.0,88.84999999999998,28.71818181818182,1.9923130110890457,0.36666666666666664,0.7813047762277653,0.6785416666666667,0,,16,SJF_EST,1.0
23.172727272727272,57.0,55.0,35.95454545454545,3.1174825182635484,0.36666666666666664,0.4665394628909733,0.6785416666666667,0,,16,BACKFILL_EST,1.0
16.79090909090909,147.0,108.55,29.572727272727274,2.0933323057700344,0.36666666666666664,0.8009007235320176,0.6785416666666667,0,,16,SJF_EST,2.0
23.354545454545455,62.0,58.0,36.13636363636363,3.15432964680502,0.36666666666666664,0.49101879047383135,0.6785416666666667,0,,16,BACKFILL_EST,2.0
17.181818181818183,153.0,98.74999999999999,29.963636363636365,2.153318737857508,0.36666666666666664,0.7991053391053391,0.6785416666666667,0,,16,SJF_EST,3.0
23.80909090909091,61.0,59.0,36.59090909090909,3.197827936402029,0.36666666666666664,0.4876010968794474,0.6785416666666667,0,,16,BACKFILL_EST,3.0
17.845454545454544,148.0,107.14999999999996,30.62727272727273,2.225982226720335,0.36666666666666664,0.7801092946788311,0.6785416666666667,0,,16,SJF_EST,5.0
23.145454545454545,62.0,59.099999999999994,35.92727272727273,3.117236734869721,0.36666666666666664,0.4969149467971149,0.6785416666666667,0,,16,BACKFILL_EST,5.0
17.9,146.0,113.59999999999997,30.681818181818183,2.2344920773709824,0.36666666666666664,0.803929082598458,0.6785416666666667,0,,16,SJF_EST,10.0
22.98181818181818,62.0,59.0,35.763636363636365,3.0933738263878285,0.36666666666666664,0.5025891829689298,0.6785416666666667,0,,16,BACKFILL_EST,10.0
22.2,66.0,55.099999999999994,35.11818181818182,3.0764530901362455,0.36666666666666664,0.4804109895018986,0.6689583333333333,0,,17,FIFO,
15.190909090909091,194.0,95.59999999999997,28.10909090909091,1.8891337063037033,0.36666666666666664,0.8196996898971765,0.6689583333333333,0,,17,SJF,
24.21818181818182,66.0,54.099999999999994,37.13636363636363,3.2809407237147883,0.36666666666666664,0.44001501501501505,0.6689583333333333,0,,17,BACKFILL,
19.936363636363637,145.0,133.29999999999998,32.85454545454545,2.9633908117791457,0.36666666666666664,0.7905774571985242,0.6689583333333333,0,21.89744493869472,17,PROACTIVE,
17.454545454545453,78.0,70.55,30.37272727272727,2.2101279429751846,0.36666666666666664,0.7110132575757575,0.6689583333333333,0,,17,SJF_MODAL,
25.009090909090908,65.0,57.749999999999986,37.92727272727273,3.3532861548496227,0.36666666666666664,0.4390039985459833,0.6689583333333333,0,,17,BACKFILL_MODAL,
15.190909090909091,194.0,95.59999999999997,28.10909090909091,1.8891337063037033,0.36666666666666664,0.8196996898971765,0.6689583333333333,0,,17,SJF_EST,1.0
24.21818181818182,66.0,54.099999999999994,37.13636363636363,3.2809407237147883,0.36666666666666664,0.44001501501501505,0.6689583333333333,0,,17,BACKFILL_EST,1.0
15.645454545454545,158.0,96.64999999999999,28.563636363636363,1.960848093684781,0.36666666666666664,0.7813163594104907,0.6689583333333333,0,,17,SJF_EST,2.0
24.118181818181817,67.0,52.64999999999999,37.03636363636364,3.2616051283050997,0.36666666666666664,0.42250282698831515,0.6689583333333333,0,,17,BACKFILL_EST,2.0
15.39090909090909,174.0,84.1,28.30909090909091,1.9388431048577406,0.36666666666666664,0.7920474681845031,0.6689583333333333,0,,17,SJF_EST,3.0
24.963636363636365,68.0,56.099999999999994,37.88181818181818,3.3339870016386337,0.36666666666666664,0.4441236840362842,0.6689583333333333,0,,17,BACKFILL_EST,3.0
16.172727272727272,125.0,88.34999999999995,29.09090909090909,2.0801281009386834,0.36666666666666664,0.7767847105115233,0.6689583333333333,0,,17,SJF_EST,5.0
23.490909090909092,67.0,55.55,36.40909090909091,3.178702573382773,0.36666666666666664,0.4817196735153391,0.6689583333333333,0,,17,BACKFILL_EST,5.0
15.645454545454545,160.0,81.55,28.563636363636363,2.0453177055611613,0.36666666666666664,0.7812318419523533,0.6689583333333333,0,,17,SJF_EST,10.0
24.28181818181818,65.0,57.099999999999994,37.2,3.2851823671996763,0.36666666666666664,0.4403900479901977,0.6689583333333333,0,,17,BACKFILL_EST,10.0
12.690909090909091,47.0,39.55,25.12727272727273,2.1362406840196737,0.36666666666666664,0.5671008075019537,0.5927083333333333,0,,18,FIFO,
10.181818181818182,130.0,55.49999999999997,22.618181818181817,1.7015393209067569,0.36666666666666664,0.7906331168831169,0.5927083333333333,0,,18,SJF,
15.354545454545455,48.0,39.099999999999994,27.79090909090909,2.4251380285833566,0.36666666666666664,0.44776898649012326,0.5927083333333333,0,,18,BACKFILL,
11.754545454545454,150.0,65.1,24.19090909090909,2.0439414807367946,0.36666666666666664,0.8357519510651762,0.5927083333333333,0,13.763007972624408,18,PROACTIVE,
11.190909090909091,58.0,45.55,23.62727272727273,1.8656926633034852,0.36666666666666664,0.6968392290081973,0.5927083333333333,0,,18,SJF_MODAL,
14.190909090909091,52.0,40.55,26.62727272727273,2.243780838262966,0.36666666666666664,0.5063246170869489,0.5927083333333333,0,,18,BACKFILL_MODAL,
10.181818181818182,130.0,55.49999999999997,22.618181818181817,1.7015393209067569,0.36666666666666664,0.7906331168831169,0.5927083333333333,0,,18,SJF_EST,1.0
15.354545454545455,48.0,39.099999999999994,27.79090909090909,2.4251380285833566,0.36666666666666664,0.44776898649012326,0.5927083333333333,0,,18,BACKFILL_EST,1.0
10.627272727272727,154.0,55.55,23.063636363636363,1.7567689398898945,0.36666666666666664,0.8235865930476709,0.5927083333333333,0,,18,SJF_EST,2.0
15.018181818181818,53.0,40.0,27.454545454545453,2.370186332415434,0.36666666666666664,0.4834910851860004,0.5927083333333333,0,,18,BACKFILL_EST,2.0
11.2,150.0,61.39999999999998,23.636363636363637,1.8118976346073166,0.36666666666666664,0.8078217237308146,0.5927083333333333,0,,18,SJF_EST,3.0
15.654545454545454,50.0,40.099999999999994,28.09090909090909,2.4660084052358187,0.36666666666666664,0.4792207792207792,0.5927083333333333,0,,18,BACKFILL_EST,3.0
11.481818181818182,151.0,56.55,23.918181818181818,1.8355113668190646,0.36666666666666664,0.8046858129993522,0.5927083333333333,0,,18,SJF_EST,5.0
14.427272727272728,55.0,39.55,26.863636363636363,2.304106898238266,0.36666666666666664,0.5113192415649883,0.5927083333333333,0,,18,BACKFILL_EST,5.0
10.972727272727273,153.0,50.69999999999996,23.40909090909091,1.7915932810426902,0.36666666666666664,0.7897341266852451,0.5927083333333333,0,,18,SJF_EST,10.0
14.1,48.0,40.55,26.536363636363635,2.298565323370066,0.36666666666666664,0.5265752300568548,0.5927083333333333,0,,18,BACKFILL_EST,10.0
20.6,55.0,49.099999999999994,32.60909090909091,3.0597741934629776,0.36666666666666664,0.4623284923373185,0.6460416666666666,0,,19,FIFO,
13.981818181818182,137.0,61.19999999999999,25.990909090909092,1.9174415075417748,0.36666666666666664,0.7734247546991371,0.6460416666666666,0,,19,SJF,
23.19090909090909,59.0,52.0,35.2,3.322025047106317,0.36666666666666664,0.44680873810626853,0.6460416666666666,0,,19,BACKFILL,
18.418181818181818,132.0,110.1,30.427272727272726,2.812536609144054,0.36666666666666664,0.7834155972359329,0.6460416666666666,0,20.399286903356288,19,PROACTIVE,
17.036363636363635,71.0,65.55,29.045454545454547,2.2663126669512117,0.36666666666666664,0.6766663432618609,0.6460416666666666,0,,19,SJF_MODAL,
23.618181818181817,59.0,54.0,35.627272727272725,3.364320794015066,0.36666666666666664,0.4391280005598712,0.6460416666666666,0,,19,BACKFILL_MODAL,
13.981818181818182,137.0,61.19999999999999,25.990909090909092,1.9174415075417748,0.36666666666666664,0.7734247546991371,0.6460416666666666,0,,19,SJF_EST,1.0
23.19090909090909,59.0,52.0,35.2,3.322025047106317,0.36666666666666664,0.44680873810626853,0.6460416666666666,0,,19,BACKFILL_EST,1.0
13.972727272727273,134.0,82.55,25.98181818181818,1.9379989811139542,0.36666666666666664,0.7879399065475838,0.6460416666666666,0,,19,SJF_EST,2.0
21.990909090909092,60.0,53.0,34.0,3.1662273828682497,0.36666666666666664,0.47500845578563644,0.6460416666666666,0,,19,BACKFILL_EST,2.0
15.281818181818181,145.0,80.39999999999998,27.29090909090909,2.0132675172264953,0.36666666666666664,0.760321237358715,0.6460416666666666,0,,19,SJF_EST,3.0
22.2,59.0,53.099999999999994,34.20909090909091,3.1182536670494025,0.36666666666666664,0.48705234159779615,0.6460416666666666,0,,19,BACKFILL_EST,3.0
15.981818181818182,143.0,85.64999999999999,27.990909090909092,2.104341335088591,0.36666666666666664,0.7695211500672251,0.6460416666666666,0,,19,SJF_EST,5.0
21.990909090909092,57.0,49.099999999999994,34.0,3.1810719089054302,0.36666666666666664,0.45996843173362395,0.6460416666666666,0,,19,BACKFILL_EST,5.0
16.845454545454544,141.0,96.04999999999997,28.854545454545455,2.206578394789062,0.36666666666666664,0.7637197664720601,0.6460416666666666,0,,19,SJF_EST,10.0
21.7,60.0,52.099999999999994,33.70909090909091,3.135587722976902,0.36666666666666664,0.4736375061888259,0.6460416666666666,0,,19,BACKFILL_EST,10.0
18.28181818181818,50.0,47.55,30.98181818181818,2.674060365471849,0.36666666666666664,0.4981013516567967,0.616875,0,,20,FIFO,
11.49090909090909,145.0,67.04999999999997,24.19090909090909,1.6828944693390229,0.36666666666666664,0.8165707710011507,0.616875,0,,20,SJF,
20.80909090909091,52.0,44.55,33.50909090909091,2.9076414350105586,0.36666666666666664,0.436502641089797,0.616875,0,,20,BACKFILL,
16.60909090909091,110.0,98.55,29.30909090909091,2.654320852826693,0.36666666666666664,0.7937154799223765,0.616875,0,16.378840166804466,20,PROACTIVE,
13.563636363636364,84.0,58.099999999999994,26.263636363636362,1.9600081096781066,0.36666666666666664,0.7116378259809895,0.616875,0,,20,SJF_MODAL,
20.927272727272726,54.0,46.0,33.627272727272725,2.905366837832711,0.36666666666666664,0.4559829397361978,0.616875,0,,20,BACKFILL_MODAL,
11.49090909090909,145.0,67.04999999999997,24.19090909090909,1.6828944693390229,0.36666666666666664,0.8165707710011507,0.616875,0,,20,SJF_EST,1.0
20.80909090909091,52.0,44.55,33.50909090909091,2.9076414350105586,0.36666666666666664,0.436502641089797,0.616875,0,,20,BACKFILL_EST,1.0
11.854545454545455,139.0,79.39999999999992,24.554545454545455,1.7161011916672628,0.36666666666666664,0.8287646402677077,0.616875,0,,20,SJF_EST,2.0
19.78181818181818,45.0,43.0,32.481818181818184,2.796826791629424,0.36666666666666664,0.4516544117647059,0.616875,0,,20,BACKFILL_EST,2.0
11.727272727272727,143.0,74.79999999999995,24.427272727272726,1.7466770708963928,0.36666666666666664,0.8139816772374913,0.616875,0,,20,SJF_EST,3.0
19.327272727272728,49.0,47.0,32.027272727272724,2.716078323551234,0.36666666666666664,0.48362268023603866,0.616875,0,,20,BACKFILL_EST,3.0
12.054545454545455,141.0,85.0,24.754545454545454,1.7691900013315018,0.36666666666666664,0.8248731660496366,0.616875,0,,20,SJF_EST,5.0
19.572727272727274,52.0,47.0,32.27272727272727,2.734156392712894,0.36666666666666664,0.4970274036228518,0.616875,0,,20,BACKFILL_EST,5.0
12.518181818181818,143.0,71.14999999999996,25.21818181818182,1.8781923272258907,0.36666666666666664,0.7941176470588235,0.616875,0,,20,SJF_EST,10.0
19.354545454545455,52.0,47.0,32.054545454545455,2.714346142763325,0.36666666666666664,0.5042956573722192,0.616875,0,,20,BACKFILL_EST,10.0
