mean_wait,max_wait,p95_wait,mean_turnaround,mean_bounded_slowdown,throughput,fairness_gini,gpu_util,preemptions,pred_wait_mae,run,scheduler
20.545454545454547,80.0,61.19999999999999,33.445454545454545,2.8701630333656087,0.36666666666666664,0.5356395816572808,0.6472916666666667,0,,1,FIFO
29.51818181818182,67.0,64.0,42.41818181818182,3.5758251236051692,0.36666666666666664,0.4006243525492062,0.6472916666666667,0,,1,FIFO_STRICT
16.418181818181818,141.0,84.19999999999999,29.318181818181817,2.0395731021019508,0.36666666666666664,0.7633444075304541,0.6472916666666667,0,,1,SJF
17.945454545454545,165.0,91.94999999999997,30.845454545454544,2.2954906168588267,0.36666666666666664,0.7610665929814866,0.6472916666666667,0,,1,SJF_EST
23.136363636363637,129.0,91.74999999999999,36.03636363636364,3.2652545008701783,0.36666666666666664,0.6808894445436685,0.6472916666666667,0,,1,PRIORITY
19.418181818181818,75.0,59.099999999999994,32.31818181818182,2.5398455470788712,0.36666666666666664,0.5642322097378277,0.6472916666666667,0,,1,HRRN
19.172727272727272,134.0,100.1,32.07272727272727,2.768580667854521,0.36666666666666664,0.7567352041036252,0.6472916666666667,0,,1,SMALLEST
19.172727272727272,134.0,100.1,32.07272727272727,2.768580667854521,0.36666666666666664,0.7567352041036252,0.6472916666666667,0,19.22539798392152,1,PROACTIVE
19.172727272727272,134.0,100.1,32.07272727272727,2.768580667854521,0.36666666666666664,0.7567352041036252,0.6472916666666667,0,18.764650961267154,1,NN
23.009090909090908,60.0,53.55,35.90909090909091,3.030099303704708,0.36666666666666664,0.43428396968499694,0.6472916666666667,0,,1,BACKFILL
22.454545454545453,66.0,59.0,35.35454545454545,3.0046807895485075,0.36666666666666664,0.5091203533308797,0.6472916666666667,0,,1,BACKFILL_EST
26.2,60.0,56.0,39.1,3.291089714183931,0.36666666666666664,0.3990789224654597,0.6472916666666667,0,,1,CONS_BF
21.727272727272727,64.0,56.099999999999994,34.627272727272725,2.913906263506953,0.36666666666666664,0.5024800304298213,0.6472916666666667,0,9.70943338141184,1,PROACTIVE_BF
18.563636363636363,143.0,85.0,31.463636363636365,2.044730462918262,0.36666666666666664,0.7722197489092689,0.6652083333333333,54,,1,SRPT
7.336363636363636,34.0,26.0,19.20909090909091,1.7585141891991736,0.36666666666666664,0.5702940182494086,0.5796875,0,,2,FIFO
12.00909090909091,37.0,34.55,23.881818181818183,2.16549079743317,0.36666666666666664,0.46322345330672354,0.5796875,0,,2,FIFO_STRICT
5.745454545454545,81.0,25.84999999999998,17.618181818181817,1.4398490412939469,0.36666666666666664,0.773187571921749,0.5796875,0,,2,SJF
6.5181818181818185,82.0,31.949999999999974,18.39090909090909,1.572400176011561,0.36666666666666664,0.7665145175605427,0.5796875,0,,2,SJF_EST
8.827272727272728,90.0,41.19999999999999,20.7,2.029784963488524,0.36666666666666664,0.7407265237337327,0.5796875,0,,2,PRIORITY
7.390909090909091,37.0,27.0,19.263636363636362,1.7056298778698862,0.36666666666666664,0.5752991166275299,0.5796875,0,,2,HRRN
8.227272727272727,77.0,50.84999999999998,20.1,1.990621085024054,0.36666666666666664,0.8074836765444501,0.5796875,0,,2,SMALLEST
8.063636363636364,77.0,50.84999999999998,19.936363636363637,1.973108323721186,0.36666666666666664,0.8076970380239828,0.5796875,0,8.640957946300675,2,PROACTIVE
8.227272727272727,77.0,50.84999999999998,20.1,1.990621085024054,0.36666666666666664,0.8074836765444501,0.5796875,0,8.768438533985758,2,NN
9.136363636363637,34.0,28.19999999999999,21.009090909090908,1.8866155761163503,0.36666666666666664,0.5094979647218453,0.5796875,0,,2,BACKFILL
7.672727272727273,35.0,26.0,19.545454545454547,1.7494521401371246,0.36666666666666664,0.5732012063765619,0.5796875,0,,2,BACKFILL_EST
9.50909090909091,32.0,26.0,21.381818181818183,1.9203154386970878,0.36666666666666664,0.4861637406570485,0.5796875,0,,2,CONS_BF
8.336363636363636,35.0,26.549999999999997,20.20909090909091,1.8254942815338957,0.36666666666666664,0.5442946366610489,0.5796875,0,4.659782432769002,2,PROACTIVE_BF
7.081818181818182,85.0,42.64999999999999,18.954545454545453,1.4222987919920091,0.36666666666666664,0.8052398179484187,0.5929166666666666,35,,2,SRPT
22.645454545454545,56.0,52.0,35.58181818181818,3.166954118019767,0.36666666666666664,0.48696397941680963,0.67375,0,,3,FIFO
30.463636363636365,61.0,57.0,43.4,3.7945550377164503,0.36666666666666664,0.31094924174601885,0.67375,0,,3,FIFO_STRICT
15.781818181818181,182.0,100.39999999999998,28.71818181818182,2.035896096038933,0.36666666666666664,0.8054985337243402,0.67375,0,,3,SJF
17.98181818181818,182.0,94.44999999999989,30.918181818181818,2.2873213603483795,0.36666666666666664,0.7830682967184484,0.67375,0,,3,SJF_EST
20.954545454545453,146.0,100.55,33.89090909090909,2.9573752873686026,0.36666666666666664,0.7506882271741274,0.67375,0,,3,PRIORITY
20.172727272727272,66.0,58.099999999999994,33.10909090909091,2.6656376155429773,0.36666666666666664,0.5145274284075546,0.67375,0,,3,HRRN
21.12727272727273,175.0,118.55,34.06363636363636,3.0151348046049704,0.36666666666666664,0.7997183539352214,0.67375,0,,3,SMALLEST
21.12727272727273,175.0,118.55,34.06363636363636,3.0151348046049704,0.36666666666666664,0.7997183539352214,0.67375,0,22.699067776582456,3,PROACTIVE
21.12727272727273,175.0,118.55,34.06363636363636,3.0151348046049704,0.36666666666666664,0.7997183539352214,0.67375,0,23.0965426401317,3,NN
23.618181818181817,55.0,49.0,36.554545454545455,3.2034626205798453,0.36666666666666664,0.4153474700818811,0.67375,0,,3,BACKFILL
24.69090909090909,58.0,52.0,37.627272727272725,3.312240324565823,0.36666666666666664,0.4192596063730084,0.67375,0,,3,BACKFILL_EST
26.62727272727273,56.0,50.0,39.56363636363636,3.381652841794976,0.36666666666666664,0.3165368260964027,0.67375,0,,3,CONS_BF
23.263636363636362,61.0,54.0,36.2,3.1725335298125894,0.36666666666666664,0.47251767380724,0.67375,0,9.127780707553029,3,PROACTIVE_BF
17.972727272727273,179.0,128.55,30.90909090909091,1.9990570595242705,0.36666666666666664,0.8218926748517036,0.6894791666666666,37,,3,SRPT
16.836363636363636,55.0,51.099999999999994,29.28181818181818,2.713553358328196,0.36666666666666664,0.5724229334380523,0.65,0,,4,FIFO
28.527272727272727,58.0,56.0,40.972727272727276,3.7637799406241568,0.36666666666666664,0.3478706761689554,0.65,0,,4,FIFO_STRICT
13.063636363636364,181.0,77.04999999999997,25.509090909090908,1.8428835156150105,0.36666666666666664,0.8028405136964636,0.65,0,,4,SJF
13.6,175.0,79.04999999999997,26.045454545454547,2.010189082581427,0.36666666666666664,0.7806149732620321,0.65,0,,4,SJF_EST
18.98181818181818,110.0,80.0,31.427272727272726,3.0003664432168513,0.36666666666666664,0.6994775339602926,0.65,0,,4,PRIORITY
15.554545454545455,65.0,57.19999999999999,28.0,2.3250186851098054,0.36666666666666664,0.5660113702778811,0.65,0,,4,HRRN
18.618181818181817,155.0,95.64999999999999,31.063636363636363,2.994504867845355,0.36666666666666664,0.7801669034090909,0.65,0,,4,SMALLEST
18.563636363636363,96.0,85.0,31.009090909090908,2.957791024413244,0.36666666666666664,0.7514201762977474,0.65,0,16.784325077520176,4,PROACTIVE
18.618181818181817,155.0,95.64999999999999,31.063636363636363,2.994504867845355,0.36666666666666664,0.7801669034090909,0.65,0,17.60450379832174,4,NN
20.6,50.0,49.0,33.04545454545455,3.021163719673078,0.36666666666666664,0.431035866163845,0.65,0,,4,BACKFILL
20.081818181818182,58.0,55.55,32.527272727272724,2.972303703895317,0.36666666666666664,0.4956870653113297,0.65,0,,4,BACKFILL_EST
24.227272727272727,52.0,48.0,36.67272727272727,3.296165440166988,0.36666666666666664,0.3661095002558417,0.65,0,,4,CONS_BF
20.045454545454547,55.0,49.64999999999999,32.49090909090909,2.9641783543644644,0.36666666666666664,0.49613275613275615,0.65,0,9.63080281252888,4,PROACTIVE_BF
14.036363636363637,179.0,97.84999999999998,26.48181818181818,1.8045572312417233,0.36666666666666664,0.8371643900141309,0.6673958333333333,43,,4,SRPT
12.845454545454546,51.0,35.0,25.345454545454544,2.279102481157083,0.36666666666666664,0.5281026828797529,0.6079166666666667,0,,5,FIFO
20.854545454545455,41.0,37.55,33.35454545454545,3.0618480389891873,0.36666666666666664,0.29705159705159706,0.6079166666666667,0,,5,FIFO_STRICT
9.163636363636364,164.0,65.94999999999997,21.663636363636364,1.583555006537697,0.36666666666666664,0.7973665223665223,0.6079166666666667,0,,5,SJF
9.718181818181819,173.0,50.049999999999855,22.21818181818182,1.6997797587376813,0.36666666666666664,0.8368993962071606,0.6079166666666667,0,,5,SJF_EST
11.827272727272728,105.0,57.099999999999994,24.327272727272728,2.192251403410987,0.36666666666666664,0.7583327510306757,0.6079166666666667,0,,5,PRIORITY
11.681818181818182,57.0,36.55,24.181818181818183,1.9800288278894387,0.36666666666666664,0.602695436858861,0.6079166666666667,0,,5,HRRN
12.263636363636364,106.0,82.0,24.763636363636362,2.176628231433326,0.36666666666666664,0.8183502931464385,0.6079166666666667,0,,5,SMALLEST
12.263636363636364,106.0,82.0,24.763636363636362,2.176628231433326,0.36666666666666664,0.8183502931464385,0.6079166666666667,0,14.110477081229064,5,PROACTIVE
12.263636363636364,106.0,82.0,24.763636363636362,2.176628231433326,0.36666666666666664,0.8183502931464385,0.6079166666666667,0,14.094454838656976,5,NN
15.154545454545454,38.0,34.55,27.654545454545456,2.4961846627041537,0.36666666666666664,0.42833069749686425,0.6079166666666667,0,,5,BACKFILL
15.00909090909091,37.0,33.0,27.509090909090908,2.484410690397885,0.36666666666666664,0.42720665161610044,0.6079166666666667,0,,5,BACKFILL_EST
17.645454545454545,37.0,30.64999999999999,30.145454545454545,2.701089471166167,0.36666666666666664,0.28969603297269453,0.6079166666666667,0,,5,CONS_BF
15.163636363636364,37.0,34.0,27.663636363636364,2.487309088127059,0.36666666666666664,0.43890342271637234,0.6079166666666667,0,6.915562069297514,5,PROACTIVE_BF
11.227272727272727,164.0,65.74999999999999,23.727272727272727,1.6154151878627676,0.36666666666666664,0.8290246595509753,0.628125,47,,5,SRPT
17.10909090909091,66.0,57.55,29.9,2.566283027492568,0.36666666666666664,0.6005023669210704,0.6715625,0,,6,FIFO
23.29090909090909,72.0,65.0,36.08181818181818,3.098068710966613,0.36666666666666664,0.5119508906394152,0.6715625,0,,6,FIFO_STRICT
13.663636363636364,143.0,71.49999999999997,26.454545454545453,1.8671248518032926,0.36666666666666664,0.7661706889251799,0.6715625,0,,6,SJF
14.418181818181818,128.0,75.29999999999998,27.20909090909091,2.0385229326448013,0.36666666666666664,0.7662501432993236,0.6715625,0,,6,SJF_EST
15.290909090909091,135.0,74.74999999999999,28.081818181818182,2.2003473505651243,0.36666666666666664,0.7461571721976002,0.6715625,0,,6,PRIORITY
15.545454545454545,79.0,57.099999999999994,28.336363636363636,2.214476905416252,0.36666666666666664,0.655257841573631,0.6715625,0,,6,HRRN
15.99090909090909,121.0,98.39999999999998,28.78181818181818,2.408795804103643,0.36666666666666664,0.7823194997157475,0.6715625,0,,6,SMALLEST
15.0,121.0,96.84999999999998,27.79090909090909,2.3245035365391407,0.36666666666666664,0.806236914600551,0.6715625,0,16.38295903812078,6,PROACTIVE
15.99090909090909,121.0,98.39999999999998,28.78181818181818,2.408795804103643,0.36666666666666664,0.7823194997157475,0.6715625,0,16.47003679275924,6,NN
17.854545454545455,66.0,58.55,30.645454545454545,2.6387413972961404,0.36666666666666664,0.5813830772079245,0.6715625,0,,6,BACKFILL
17.90909090909091,67.0,58.55,30.7,2.6583743623312297,0.36666666666666664,0.5975634517766498,0.6715625,0,,6,BACKFILL_EST
19.37272727272727,66.0,59.099999999999994,32.163636363636364,2.7394732020411032,0.36666666666666664,0.5211765709654025,0.6715625,0,,6,CONS_BF
18.063636363636363,69.0,58.19999999999999,30.854545454545455,2.6624413123231023,0.36666666666666664,0.5975248204236628,0.6715625,0,11.416941880484492,6,PROACTIVE_BF
14.8,147.0,67.55,27.59090909090909,1.8520097949006615,0.36666666666666664,0.7845432209068572,0.6840625,27,,6,SRPT
14.445454545454545,51.0,43.0,27.1,2.416247579585252,0.36666666666666664,0.5727043881228904,0.6458333333333334,0,,7,FIFO
22.818181818181817,53.0,48.64999999999999,35.472727272727276,3.172037820319905,0.36666666666666664,0.35042375950742494,0.6458333333333334,0,,7,FIFO_STRICT
10.418181818181818,153.0,60.55,23.072727272727274,1.6571023597145886,0.36666666666666664,0.8008884658099318,0.6458333333333334,0,,7,SJF
11.136363636363637,183.0,52.69999999999996,23.79090909090909,1.7770304473101404,0.36666666666666664,0.8103376623376624,0.6458333333333334,0,,7,SJF_EST
15.3,140.0,80.04999999999997,27.954545454545453,2.569910625267718,0.36666666666666664,0.7784529789877384,0.6458333333333334,0,,7,PRIORITY
13.336363636363636,61.0,40.64999999999999,25.990909090909092,2.1719207836992105,0.36666666666666664,0.5055772448410485,0.6458333333333334,0,,7,HRRN
13.536363636363637,143.0,88.19999999999999,26.19090909090909,2.2364785719331173,0.36666666666666664,0.8168935832468404,0.6458333333333334,0,,7,SMALLEST
13.536363636363637,143.0,88.19999999999999,26.19090909090909,2.2364785719331173,0.36666666666666664,0.8168935832468404,0.6458333333333334,0,15.393622832018247,7,PROACTIVE
13.536363636363637,143.0,88.19999999999999,26.19090909090909,2.2364785719331173,0.36666666666666664,0.8168935832468404,0.6458333333333334,0,15.79829640229223,7,NN
16.763636363636362,47.0,40.0,29.418181818181818,2.635345825992815,0.36666666666666664,0.4556103332676001,0.6458333333333334,0,,7,BACKFILL
17.036363636363635,52.0,44.55,29.69090909090909,2.642421800062526,0.36666666666666664,0.4526632385757252,0.6458333333333334,0,,7,BACKFILL_EST
19.29090909090909,47.0,44.0,31.945454545454545,2.8359003255945976,0.36666666666666664,0.38118413160825976,0.6458333333333334,0,,7,CONS_BF
17.054545454545455,52.0,44.099999999999994,29.70909090909091,2.6944577747673724,0.36666666666666664,0.4629191703818569,0.6458333333333334,0,8.792579775152262,7,PROACTIVE_BF
11.7,150.0,74.94999999999997,24.354545454545455,1.6463997609561214,0.36666666666666664,0.8066468884650704,0.6630208333333333,46,,7,SRPT
19.545454545454547,57.0,53.0,32.4,2.8362823944279754,0.36666666666666664,0.4948414376321353,0.6542708333333334,0,,8,FIFO
28.90909090909091,61.0,58.0,41.763636363636365,3.6558355299827294,0.36666666666666664,0.34379073756432244,0.6542708333333334,0,,8,FIFO_STRICT
13.454545454545455,151.0,82.64999999999999,26.30909090909091,1.830613198174062,0.36666666666666664,0.7881818181818182,0.6542708333333334,0,,8,SJF
13.054545454545455,173.0,72.94999999999992,25.90909090909091,1.890447012294395,0.36666666666666664,0.7832742466447202,0.6542708333333334,0,,8,SJF_EST
17.918181818181818,128.0,65.64999999999999,30.772727272727273,2.575073858694391,0.36666666666666664,0.6934228126008948,0.6542708333333334,0,,8,PRIORITY
16.681818181818183,71.0,53.099999999999994,29.536363636363635,2.325613750870576,0.36666666666666664,0.5091057716125836,0.6542708333333334,0,,8,HRRN
17.945454545454545,160.0,97.0,30.8,2.7821119135969257,0.36666666666666664,0.79029197752602,0.6542708333333334,0,,8,SMALLEST
17.745454545454546,158.0,96.1,30.6,2.7784846926301334,0.36666666666666664,0.7884873323397913,0.6542708333333334,0,17.705703459104353,8,PROACTIVE
17.945454545454545,160.0,97.0,30.8,2.7821119135969257,0.36666666666666664,0.79029197752602,0.6542708333333334,0,18.70428877229874,8,NN
22.327272727272728,60.0,56.55,35.18181818181818,3.0933047629888324,0.36666666666666664,0.44552117263843644,0.6542708333333334,0,,8,BACKFILL
22.263636363636362,62.0,54.55,35.11818181818182,3.09339578350942,0.36666666666666664,0.4593600356360667,0.6542708333333334,0,,8,BACKFILL_EST
25.118181818181817,57.0,53.55,37.972727272727276,3.3102505872024595,0.36666666666666664,0.37073339255749677,0.6542708333333334,0,,8,CONS_BF
21.427272727272726,61.0,56.55,34.28181818181818,3.0248131967400895,0.36666666666666664,0.4834689705712192,0.6542708333333334,0,11.401438878015192,8,PROACTIVE_BF
14.39090909090909,161.0,76.55,27.245454545454546,1.7974256863941636,0.36666666666666664,0.804783782231666,0.6691666666666667,34,,8,SRPT
14.681818181818182,42.0,39.0,26.754545454545454,2.369663146841588,0.36666666666666664,0.4642668167745567,0.6292708333333333,0,,9,FIFO
24.427272727272726,48.0,44.099999999999994,36.5,3.3341635451595337,0.36666666666666664,0.2292891700781541,0.6292708333333333,0,,9,FIFO_STRICT
11.245454545454546,142.0,54.599999999999966,23.318181818181817,1.7476507497021851,0.36666666666666664,0.7654369074740941,0.6292708333333333,0,,9,SJF
11.8,155.0,63.29999999999998,23.87272727272727,1.8385116923996045,0.36666666666666664,0.7886258579633002,0.6292708333333333,0,,9,SJF_EST
15.254545454545454,129.0,65.19999999999999,27.327272727272728,2.5349779097516922,0.36666666666666664,0.7181276411312167,0.6292708333333333,0,,9,PRIORITY
14.054545454545455,49.0,37.55,26.12727272727273,2.1837075582734182,0.36666666666666664,0.4610843231800541,0.6292708333333333,0,,9,HRRN
14.263636363636364,165.0,63.55,26.336363636363636,2.2949347470554904,0.36666666666666664,0.8076423894779535,0.6292708333333333,0,,9,SMALLEST
14.263636363636364,165.0,63.55,26.336363636363636,2.2949347470554904,0.36666666666666664,0.8076423894779535,0.6292708333333333,0,15.23399232365191,9,PROACTIVE
14.263636363636364,165.0,63.55,26.336363636363636,2.2949347470554904,0.36666666666666664,0.8076423894779535,0.6292708333333333,0,15.488139623930227,9,NN
16.681818181818183,43.0,38.0,28.754545454545454,2.6067076718431204,0.36666666666666664,0.37333168194203614,0.6292708333333333,0,,9,BACKFILL
17.60909090909091,40.0,36.099999999999994,29.681818181818183,2.6548121529704,0.36666666666666664,0.3129722626366922,0.6292708333333333,0,,9,BACKFILL_EST
19.636363636363637,42.0,37.099999999999994,31.70909090909091,2.8543449425531464,0.36666666666666664,0.255909090909091,0.6292708333333333,0,,9,CONS_BF
17.09090909090909,43.0,37.0,29.163636363636364,2.6556651772641775,0.36666666666666664,0.37964216634429404,0.6292708333333333,0,8.115666031786663,9,PROACTIVE_BF
12.036363636363637,172.0,59.599999999999966,24.10909090909091,1.6872903483841422,0.36666666666666664,0.8100659159571546,0.6465625,38,,9,SRPT
18.37272727272727,73.0,60.0,30.80909090909091,2.7961489980998144,0.36666666666666664,0.540879852458279,0.6389583333333333,0,,10,FIFO
29.336363636363636,60.0,58.0,41.77272727272727,3.814841983117736,0.36666666666666664,0.3956475195086908,0.6389583333333333,0,,10,FIFO_STRICT
13.472727272727273,164.0,69.1,25.90909090909091,1.9526705338396162,0.36666666666666664,0.7696847012636486,0.6389583333333333,0,,10,SJF
14.309090909090909,166.0,78.64999999999999,26.745454545454546,2.1162564885703783,0.36666666666666664,0.7808478687767124,0.6389583333333333,0,,10,SJF_EST
16.927272727272726,136.0,89.04999999999997,29.363636363636363,2.56919891972805,0.36666666666666664,0.7640660091787911,0.6389583333333333,0,,10,PRIORITY
15.909090909090908,95.0,55.55,28.345454545454544,2.4099192148112074,0.36666666666666664,0.5926337662337663,0.6389583333333333,0,,10,HRRN
16.754545454545454,123.0,85.0,29.19090909090909,2.511471339508913,0.36666666666666664,0.7695999605386474,0.6389583333333333,0,,10,SMALLEST
16.663636363636364,113.0,84.0,29.1,2.508242295825324,0.36666666666666664,0.7654565292863166,0.6389583333333333,0,16.46992346954278,10,PROACTIVE
16.754545454545454,123.0,85.0,29.19090909090909,2.511471339508913,0.36666666666666664,0.7695999605386474,0.6389583333333333,0,17.273502555609962,10,NN
18.98181818181818,60.0,58.0,31.418181818181818,2.9042372329643653,0.36666666666666664,0.5649686520376175,0.6389583333333333,0,,10,BACKFILL
20.2,59.0,57.55,32.63636363636363,3.0045097120332835,0.36666666666666664,0.540283119221013,0.6389583333333333,0,,10,BACKFILL_EST
23.827272727272728,54.0,52.0,36.263636363636365,3.230608054812248,0.36666666666666664,0.43117130866081643,0.6389583333333333,0,,10,CONS_BF
19.69090909090909,62.0,59.55,32.127272727272725,2.9761071680766302,0.36666666666666664,0.5531436246117687,0.6389583333333333,0,11.467396084117619,10,PROACTIVE_BF
15.036363636363637,171.0,76.64999999999999,27.472727272727273,1.9211334944412624,0.36666666666666664,0.7928767725623832,0.658125,48,,10,SRPT
7.172727272727273,37.0,29.19999999999999,19.836363636363636,1.6895500595426713,0.36666666666666664,0.6059569074778199,0.5840625,0,,11,FIFO
11.3,35.0,31.0,23.963636363636365,2.1195794451272216,0.36666666666666664,0.43460103854311416,0.5840625,0,,11,FIFO_STRICT
6.1,48.0,33.19999999999999,18.763636363636362,1.435282009090762,0.36666666666666664,0.736038477171115,0.5840625,0,,11,SJF
6.072727272727272,63.0,30.549999999999997,18.736363636363638,1.4691552937243197,0.36666666666666664,0.7734893848666303,0.5840625,0,,11,SJF_EST
6.872727272727273,62.0,35.099999999999994,19.536363636363635,1.6099642145701814,0.36666666666666664,0.7241221741221741,0.5840625,0,,11,PRIORITY
6.790909090909091,42.0,19.549999999999997,19.454545454545453,1.5858894614548285,0.36666666666666664,0.5709748083242059,0.5840625,0,,11,HRRN
7.172727272727273,55.0,40.099999999999994,19.836363636363636,1.674005084417412,0.36666666666666664,0.7742942735338173,0.5840625,0,,11,SMALLEST
7.245454545454545,55.0,40.099999999999994,19.90909090909091,1.6794469803736622,0.36666666666666664,0.7719060111782823,0.5840625,0,6.284076369570737,11,PROACTIVE
7.172727272727273,55.0,40.099999999999994,19.836363636363636,1.674005084417412,0.36666666666666664,0.7742942735338173,0.5840625,0,6.710280183686991,11,NN
8.718181818181819,34.0,26.549999999999997,21.381818181818183,1.8397086618075922,0.36666666666666664,0.5047587449047303,0.5840625,0,,11,BACKFILL
8.772727272727273,34.0,27.0,21.436363636363637,1.8173409144331603,0.36666666666666664,0.5490249646726331,0.5840625,0,,11,BACKFILL_EST
10.181818181818182,34.0,27.0,22.845454545454544,2.0192323558950354,0.36666666666666664,0.43420454545454545,0.5840625,0,,11,CONS_BF
8.572727272727272,34.0,28.549999999999997,21.236363636363638,1.8289233247754213,0.36666666666666664,0.5095632893087825,0.5840625,0,5.326964880035005,11,PROACTIVE_BF
7.6454545454545455,85.0,42.099999999999994,20.30909090909091,1.4423646117696918,0.36666666666666664,0.7810506972219219,0.6053125,51,,11,SRPT
23.618181818181817,59.0,52.099999999999994,36.13636363636363,3.3732481687871503,0.36666666666666664,0.43602071523549585,0.6528125,0,,12,FIFO
30.70909090909091,65.0,64.0,43.22727272727273,3.990527971848335,0.36666666666666664,0.3738791108240486,0.6528125,0,,12,FIFO_STRICT
15.3,162.0,79.74999999999999,27.818181818181817,1.9942242833549477,0.36666666666666664,0.7586074650245773,0.6528125,0,,12,SJF
17.327272727272728,170.0,97.09999999999994,29.845454545454544,2.4714370852120644,0.36666666666666664,0.7566440904321281,0.6528125,0,,12,SJF_EST
22.5,167.0,118.89999999999995,35.018181818181816,3.627669708953834,0.36666666666666664,0.7441946740128559,0.6528125,0,,12,PRIORITY
20.172727272727272,71.0,53.099999999999994,32.69090909090909,2.7378823667185617,0.36666666666666664,0.48988897537793435,0.6528125,0,,12,HRRN
22.509090909090908,150.0,121.1,35.027272727272724,3.639717850128418,0.36666666666666664,0.7793288294903804,0.6528125,0,,12,SMALLEST
22.254545454545454,134.0,120.64999999999999,34.77272727272727,3.5905282666874982,0.36666666666666664,0.7717691622103386,0.6528125,0,26.101353323226796,12,PROACTIVE
22.509090909090908,150.0,121.1,35.027272727272724,3.639717850128418,0.36666666666666664,0.7793288294903804,0.6528125,0,25.965186624024877,12,NN
25.48181818181818,60.0,55.55,38.0,3.4492445571596995,0.36666666666666664,0.4220705088703662,0.6528125,0,,12,BACKFILL
25.927272727272726,63.0,58.0,38.445454545454545,3.4168042641209673,0.36666666666666664,0.42674359301287773,0.6528125,0,,12,BACKFILL_EST
27.01818181818182,60.0,58.55,39.53636363636364,3.5479767952674655,0.36666666666666664,0.38349443288878005,0.6528125,0,,12,CONS_BF
25.62727272727273,61.0,56.55,38.14545454545455,3.485930947785367,0.36666666666666664,0.43631526331065174,0.6528125,0,12.99345350777307,12,PROACTIVE_BF
19.363636363636363,161.0,82.0,31.881818181818183,2.1011446830603178,0.36666666666666664,0.7541101152368759,0.6720833333333334,48,,12,SRPT
12.954545454545455,42.0,36.0,25.2,2.2545765953797896,0.36666666666666664,0.5094545454545455,0.5971875,0,,13,FIFO
20.772727272727273,49.0,39.55,33.018181818181816,3.050394431498076,0.36666666666666664,0.3769285856375572,0.5971875,0,,13,FIFO_STRICT
8.818181818181818,136.0,56.799999999999955,21.063636363636363,1.5897872944752343,0.36666666666666664,0.797319587628866,0.5971875,0,,13,SJF
8.881818181818181,126.0,56.499999999999915,21.12727272727273,1.628531757356694,0.36666666666666664,0.8038429329115101,0.5971875,0,,13,SJF_EST
13.136363636363637,112.0,65.64999999999999,25.381818181818183,2.3909037737679024,0.36666666666666664,0.7421767851525637,0.5971875,0,,13,PRIORITY
12.054545454545455,67.0,33.55,24.3,2.029840797083268,0.36666666666666664,0.5241738653503359,0.5971875,0,,13,HRRN
11.045454545454545,107.0,72.1,23.29090909090909,2.08075293084968,0.36666666666666664,0.8121885521885522,0.5971875,0,,13,SMALLEST
11.045454545454545,107.0,72.1,23.29090909090909,2.079843839940589,0.36666666666666664,0.811589973812196,0.5971875,0,12.22105323069475,13,PROACTIVE
11.045454545454545,107.0,72.1,23.29090909090909,2.08075293084968,0.36666666666666664,0.8121885521885522,0.5971875,0,12.207599789766446,13,NN
15.309090909090909,39.0,33.55,27.554545454545455,2.4854633127216155,0.36666666666666664,0.43179658820988986,0.5971875,0,,13,BACKFILL
15.10909090909091,44.0,35.0,27.354545454545455,2.4543708590327644,0.36666666666666664,0.48284651569850123,0.5971875,0,,13,BACKFILL_EST
17.363636363636363,40.0,33.55,29.60909090909091,2.704199516748067,0.36666666666666664,0.37262256068538796,0.5971875,0,,13,CONS_BF
15.181818181818182,42.0,34.0,27.427272727272726,2.4779232760234726,0.36666666666666664,0.4641371801850843,0.5971875,0,7.687385528636249,13,PROACTIVE_BF
10.60909090909091,137.0,80.64999999999999,22.854545454545455,1.611366142769886,0.36666666666666664,0.8354054685674223,0.6085416666666666,30,,13,SRPT
27.6,65.0,58.0,40.845454545454544,3.482524801558013,0.36666666666666664,0.38412384716732545,0.7073958333333333,0,,14,FIFO
40.89090909090909,77.0,66.0,54.13636363636363,4.661615321656483,0.36666666666666664,0.26825255669186304,0.7073958333333333,0,,14,FIFO_STRICT
18.2,150.0,115.29999999999998,31.445454545454545,2.0851527505861873,0.36666666666666664,0.7884842430296976,0.7073958333333333,0,,14,SJF
19.654545454545456,186.0,114.94999999999997,32.9,2.285309521411759,0.36666666666666664,0.787923639727525,0.7073958333333333,0,,14,SJF_EST
26.163636363636364,171.0,113.1,39.40909090909091,3.6529190889949406,0.36666666666666664,0.7361993808831891,0.7073958333333333,0,,14,PRIORITY
24.28181818181818,71.0,62.099999999999994,37.527272727272724,2.9006789317259343,0.36666666666666664,0.4579251897484769,0.7073958333333333,0,,14,HRRN
25.572727272727274,193.0,122.0,38.81818181818182,3.566278684531217,0.36666666666666664,0.7917558090682868,0.7073958333333333,0,,14,SMALLEST
24.89090909090909,157.0,131.0,38.13636363636363,3.4409974705689597,0.36666666666666664,0.7802244504947208,0.7073958333333333,0,29.66686338132078,14,PROACTIVE
25.572727272727274,193.0,122.0,38.81818181818182,3.566278684531217,0.36666666666666664,0.7917558090682868,0.7073958333333333,0,30.39977074721174,14,NN
28.245454545454546,66.0,58.55,41.49090909090909,3.586419371001766,0.36666666666666664,0.42960763086286097,0.7073958333333333,0,,14,BACKFILL
30.59090909090909,69.0,59.099999999999994,43.836363636363636,3.7260137154648842,0.36666666666666664,0.34711603404025393,0.7073958333333333,0,,14,BACKFILL_EST
33.07272727272727,65.0,55.55,46.31818181818182,3.9169332298170594,0.36666666666666664,0.28872507371682743,0.7073958333333333,0,,14,CONS_BF
29.572727272727274,70.0,60.55,42.81818181818182,3.701824612904686,0.36666666666666664,0.42432160523153456,0.7073958333333333,0,12.19361654828218,14,PROACTIVE_BF
19.572727272727274,172.0,129.75,32.81818181818182,2.0441061164653904,0.36666666666666664,0.8106278765359118,0.7264583333333333,40,,14,SRPT
14.090909090909092,41.0,35.55,26.236363636363638,2.4016197122997713,0.36666666666666664,0.46430498533724335,0.6066666666666667,0,,15,FIFO
22.4,39.0,37.0,34.54545454545455,3.1418376174596268,0.36666666666666664,0.26706759149940973,0.6066666666666667,0,,15,FIFO_STRICT
9.172727272727272,154.0,52.749999999999986,21.318181818181817,1.5856005068906138,0.36666666666666664,0.8127128570141454,0.6066666666666667,0,,15,SJF
10.4,158.0,44.949999999999974,22.545454545454547,1.7758850428506354,0.36666666666666664,0.8015416401780039,0.6066666666666667,0,,15,SJF_EST
12.027272727272727,155.0,72.19999999999999,24.172727272727272,2.0097390354743294,0.36666666666666664,0.8026180169037311,0.6066666666666667,0,,15,PRIORITY
13.154545454545454,51.0,35.0,25.3,2.137184867427972,0.36666666666666664,0.4921970220518942,0.6066666666666667,0,,15,HRRN
11.218181818181819,149.0,67.19999999999999,23.363636363636363,2.0337310522295042,0.36666666666666664,0.8510682186533078,0.6066666666666667,0,,15,SMALLEST
11.272727272727273,149.0,67.19999999999999,23.418181818181818,2.036148407601405,0.36666666666666664,0.8488563049853373,0.6066666666666667,0,14.093220618333328,15,PROACTIVE
11.218181818181819,149.0,67.19999999999999,23.363636363636363,2.0337310522295042,0.36666666666666664,0.8510682186533078,0.6066666666666667,0,14.163973389010994,15,NN
16.327272727272728,37.0,33.0,28.472727272727273,2.588232847811725,0.36666666666666664,0.36448673820611466,0.6066666666666667,0,,15,BACKFILL
16.6,39.0,36.0,28.745454545454546,2.6287038771185975,0.36666666666666664,0.40235985263367513,0.6066666666666667,0,,15,BACKFILL_EST
18.59090909090909,35.0,33.0,30.736363636363638,2.777086227794784,0.36666666666666664,0.28668148477439426,0.6066666666666667,0,,15,CONS_BF
17.081818181818182,39.0,36.55,29.227272727272727,2.6983875013015886,0.36666666666666664,0.4079491025206831,0.6066666666666667,0,6.964782189984213,15,PROACTIVE_BF
10.245454545454546,156.0,55.749999999999986,22.39090909090909,1.56335249928481,0.36666666666666664,0.8615390820359765,0.6234375,37,,15,SRPT
20.745454545454546,66.0,59.55,33.527272727272724,2.848766118212712,0.36666666666666664,0.546083977372321,0.6785416666666667,0,,16,FIFO
34.90909090909091,65.0,62.55,47.69090909090909,4.295337582211703,0.36666666666666664,0.3318560606060606,0.6785416666666667,0,,16,FIFO_STRICT
15.936363636363636,156.0,88.84999999999998,28.71818181818182,1.9923130110890457,0.36666666666666664,0.7813047762277653,0.6785416666666667,0,,16,SJF
17.845454545454544,148.0,107.14999999999996,30.62727272727273,2.225982226720335,0.36666666666666664,0.7801092946788311,0.6785416666666667,0,,16,SJF_EST
20.78181818181818,131.0,97.94999999999997,33.56363636363636,2.887655104574258,0.36666666666666664,0.7205678835600096,0.6785416666666667,0,,16,PRIORITY
19.1,90.0,61.55,31.881818181818183,2.5176146673244197,0.36666666666666664,0.5697762970014278,0.6785416666666667,0,,16,HRRN
19.918181818181818,130.0,95.0,32.7,2.733512764950282,0.36666666666666664,0.7740550184639641,0.6785416666666667,0,,16,SMALLEST
19.763636363636362,115.0,95.19999999999999,32.54545454545455,2.7193014058993508,0.36666666666666664,0.7660282679601907,0.6785416666666667,0,19.867310564016755,16,PROACTIVE
19.918181818181818,130.0,95.0,32.7,2.733512764950282,0.36666666666666664,0.7740550184639641,0.6785416666666667,0,20.334450193672186,16,NN
23.172727272727272,57.0,55.0,35.95454545454545,3.1174825182635484,0.36666666666666664,0.4665394628909733,0.6785416666666667,0,,16,BACKFILL
23.145454545454545,62.0,59.099999999999994,35.92727272727273,3.117236734869721,0.36666666666666664,0.4969149467971149,0.6785416666666667,0,,16,BACKFILL_EST
27.5,56.0,55.0,40.28181818181818,3.4553221865697243,0.36666666666666664,0.37575657400450796,0.6785416666666667,0,,16,CONS_BF
23.7,63.0,61.0,36.481818181818184,3.196288361933591,0.36666666666666664,0.5117236809987098,0.6785416666666667,0,10.227123914997685,16,PROACTIVE_BF
18.354545454545455,169.0,123.55,31.136363636363637,2.000191965327414,0.36666666666666664,0.8167544689090009,0.6960416666666667,44,,16,SRPT
22.2,66.0,55.099999999999994,35.11818181818182,3.0764530901362455,0.36666666666666664,0.4804109895018986,0.6689583333333333,0,,17,FIFO
33.872727272727275,73.0,66.0,46.79090909090909,4.151637038962539,0.36666666666666664,0.34328307226857957,0.6689583333333333,0,,17,FIFO_STRICT
15.190909090909091,194.0,95.59999999999997,28.10909090909091,1.8891337063037033,0.36666666666666664,0.8196996898971765,0.6689583333333333,0,,17,SJF
16.172727272727272,125.0,88.34999999999995,29.09090909090909,2.0801281009386834,0.36666666666666664,0.7767847105115233,0.6689583333333333,0,,17,SJF_EST
19.490909090909092,158.0,86.04999999999997,32.40909090909091,2.705963652126402,0.36666666666666664,0.7261533242876527,0.6689583333333333,0,,17,PRIORITY
18.79090909090909,80.0,58.55,31.70909090909091,2.4952770971093514,0.36666666666666664,0.5553810968905308,0.6689583333333333,0,,17,HRRN
19.89090909090909,156.0,135.55,32.80909090909091,2.960222864276481,0.36666666666666664,0.7959448230014958,0.6689583333333333,0,,17,SMALLEST
19.818181818181817,144.0,127.1,32.736363636363635,2.9407534043887127,0.36666666666666664,0.7888323603002502,0.6689583333333333,0,21.556655198826707,17,PROACTIVE
19.89090909090909,156.0,135.55,32.80909090909091,2.960222864276481,0.36666666666666664,0.7959448230014958,0.6689583333333333,0,21.91537756052265,17,NN
24.21818181818182,66.0,54.099999999999994,37.13636363636363,3.2809407237147883,0.36666666666666664,0.44001501501501505,0.6689583333333333,0,,17,BACKFILL
23.490909090909092,67.0,55.55,36.40909090909091,3.178702573382773,0.36666666666666664,0.4817196735153391,0.6689583333333333,0,,17,BACKFILL_EST
27.381818181818183,62.0,55.099999999999994,40.3,3.460873048637261,0.36666666666666664,0.36920801641917184,0.6689583333333333,0,,17,CONS_BF
24.818181818181817,67.0,54.64999999999999,37.736363636363635,3.3833851592242383,0.36666666666666664,0.4443889443889444,0.6689583333333333,0,10.94643049270592,17,PROACTIVE_BF
16.881818181818183,186.0,99.34999999999995,29.8,1.9252926485279431,0.36666666666666664,0.8119107064179761,0.686875,44,,17,SRPT
12.690909090909091,47.0,39.55,25.12727272727273,2.1362406840196737,0.36666666666666664,0.5671008075019537,0.5927083333333333,0,,18,FIFO
21.4,55.0,50.0,33.836363636363636,3.0068460849670395,0.36666666666666664,0.38193403877346105,0.5927083333333333,0,,18,FIFO_STRICT
10.181818181818182,130.0,55.49999999999997,22.618181818181817,1.7015393209067569,0.36666666666666664,0.7906331168831169,0.5927083333333333,0,,18,SJF
11.481818181818182,151.0,56.55,23.918181818181818,1.8355113668190646,0.36666666666666664,0.8046858129993522,0.5927083333333333,0,,18,SJF_EST
12.3,141.0,75.79999999999995,24.736363636363638,2.201407770037449,0.36666666666666664,0.7972384599879055,0.5927083333333333,0,,18,PRIORITY
11.863636363636363,50.0,37.19999999999999,24.3,1.9600008137170395,0.36666666666666664,0.5482479972135145,0.5927083333333333,0,,18,HRRN
11.754545454545454,150.0,65.1,24.19090909090909,2.0439414807367946,0.36666666666666664,0.8357519510651762,0.5927083333333333,0,,18,SMALLEST
11.790909090909091,147.0,63.55,24.227272727272727,2.0531535194408117,0.36666666666666664,0.8251279175720193,0.5927083333333333,0,12.988201294145124,18,PROACTIVE
11.754545454545454,150.0,65.1,24.19090909090909,2.0439414807367946,0.36666666666666664,0.8357519510651762,0.5927083333333333,0,13.467211202911455,18,NN
15.354545454545455,48.0,39.099999999999994,27.79090909090909,2.4251380285833566,0.36666666666666664,0.44776898649012326,0.5927083333333333,0,,18,BACKFILL
14.427272727272728,55.0,39.55,26.863636363636363,2.304106898238266,0.36666666666666664,0.5113192415649883,0.5927083333333333,0,,18,BACKFILL_EST
17.28181818181818,48.0,42.0,29.71818181818182,2.595394255844228,0.36666666666666664,0.38568695901678546,0.5927083333333333,0,,18,CONS_BF
15.327272727272728,53.0,42.099999999999994,27.763636363636362,2.4188484536697312,0.36666666666666664,0.504097918688666,0.5927083333333333,0,8.061605589278042,18,PROACTIVE_BF
11.136363636363637,122.0,80.39999999999998,23.572727272727274,1.6300718833500993,0.36666666666666664,0.8336549165120594,0.6097916666666666,48,,18,SRPT
20.6,55.0,49.099999999999994,32.60909090909091,3.0597741934629776,0.36666666666666664,0.4623284923373185,0.6460416666666666,0,,19,FIFO
29.9,64.0,59.19999999999999,41.90909090909091,4.020758443951519,0.36666666666666664,0.3626496033610658,0.6460416666666666,0,,19,FIFO_STRICT
13.981818181818182,137.0,61.19999999999999,25.990909090909092,1.9174415075417748,0.36666666666666664,0.7734247546991371,0.6460416666666666,0,,19,SJF
15.981818181818182,143.0,85.64999999999999,27.990909090909092,2.104341335088591,0.36666666666666664,0.7695211500672251,0.6460416666666666,0,,19,SJF_EST
16.081818181818182,151.0,100.59999999999997,28.09090909090909,2.4031936353354872,0.36666666666666664,0.7732000616681227,0.6460416666666666,0,,19,PRIORITY
18.254545454545454,62.0,50.0,30.263636363636362,2.610065175622451,0.36666666666666664,0.4792828685258964,0.6460416666666666,0,,19,HRRN
18.363636363636363,147.0,109.64999999999999,30.37272727272727,2.808241084407353,0.36666666666666664,0.7924482448244824,0.6460416666666666,0,,19,SMALLEST
18.327272727272728,148.0,109.64999999999999,30.336363636363636,2.794126015531518,0.36666666666666664,0.7908639971139971,0.6460416666666666,0,20.451405531675977,19,PROACTIVE
18.363636363636363,147.0,109.64999999999999,30.37272727272727,2.808241084407353,0.36666666666666664,0.7924482448244824,0.6460416666666666,0,20.78801423736114,19,NN
23.19090909090909,59.0,52.0,35.2,3.322025047106317,0.36666666666666664,0.44680873810626853,0.6460416666666666,0,,19,BACKFILL
21.990909090909092,57.0,49.099999999999994,34.0,3.1810719089054302,0.36666666666666664,0.45996843173362395,0.6460416666666666,0,,19,BACKFILL_EST
24.663636363636364,56.0,52.099999999999994,36.67272727272727,3.492178557205999,0.36666666666666664,0.392852595248467,0.6460416666666666,0,,19,CONS_BF
22.51818181818182,60.0,53.0,34.527272727272724,3.2545690599546497,0.36666666666666664,0.4644804932653136,0.6460416666666666,0,10.272668443992734,19,PROACTIVE_BF
15.7,140.0,113.55,27.70909090909091,1.8911272696250179,0.36666666666666664,0.8053850607990736,0.6647916666666667,43,,19,SRPT
18.28181818181818,50.0,47.55,30.98181818181818,2.674060365471849,0.36666666666666664,0.4981013516567967,0.616875,0,,20,FIFO
27.181818181818183,52.0,49.0,39.88181818181818,3.533551781504919,0.36666666666666664,0.36307084220127694,0.616875,0,,20,FIFO_STRICT
11.49090909090909,145.0,67.04999999999997,24.19090909090909,1.6828944693390229,0.36666666666666664,0.8165707710011507,0.616875,0,,20,SJF
12.054545454545455,141.0,85.0,24.754545454545454,1.7691900013315018,0.36666666666666664,0.8248731660496366,0.616875,0,,20,SJF_EST
16.863636363636363,138.0,100.55,29.563636363636363,2.6659282137867133,0.36666666666666664,0.7724528301886793,0.616875,0,,20,PRIORITY
16.863636363636363,65.0,46.55,29.563636363636363,2.364203306231873,0.36666666666666664,0.5201617250673854,0.616875,0,,20,HRRN
16.145454545454545,131.0,89.94999999999997,28.845454545454544,2.5961137140137276,0.36666666666666664,0.794922194922195,0.616875,0,,20,SMALLEST
16.145454545454545,131.0,89.94999999999997,28.845454545454544,2.5961137140137276,0.36666666666666664,0.794922194922195,0.616875,0,15.624858857217161,20,PROACTIVE
16.145454545454545,131.0,89.94999999999997,28.845454545454544,2.5961137140137276,0.36666666666666664,0.794922194922195,0.616875,0,15.775544064265215,20,NN
20.80909090909091,52.0,44.55,33.50909090909091,2.9076414350105586,0.36666666666666664,0.436502641089797,0.616875,0,,20,BACKFILL
19.572727272727274,52.0,47.0,32.27272727272727,2.734156392712894,0.36666666666666664,0.4970274036228518,0.616875,0,,20,BACKFILL_EST
22.363636363636363,46.0,42.0,35.06363636363636,3.0468311578654954,0.36666666666666664,0.38177383592017744,0.616875,0,,20,CONS_BF
19.763636363636362,48.0,45.0,32.46363636363636,2.7574594882788657,0.36666666666666664,0.4738061386635444,0.616875,0,10.180559369533281,20,PROACTIVE_BF
14.10909090909091,140.0,82.94999999999997,26.80909090909091,1.7545529341268855,0.36666666666666664,0.8303303655107779,0.6321875,35,,20,SRPT
