scheduler,jobs_measured,mean_wait,median_wait,p95_wait,max_wait,mean_bounded_slowdown,p95_bounded_slowdown,mean_turnaround,fairness_gini,gpu_util,preemptions,trace,window,capacity,jobs_total,jobs_dropped_oversized,offered_load
FCFS,277,25452.310469314078,0.0,173160.2,309681.0,32.27767548988266,214.15615824112206,37180.429602888085,0.8632061718248801,0.6949428752811867,0,sdsc,1,128,445,0,0.7755506184895833
FIFO_STRICT,277,82508.5523465704,88050.0,167938.6,181204.0,218.2107606924353,1505.298842975206,94236.6714801444,0.415219903706959,0.678055086634515,0,sdsc,1,128,445,0,0.7755506184895833
SJF_ORACLE,277,12648.768953068593,0.0,57499.19999999993,427500.0,4.077026367960245,11.581528983824512,24376.8880866426,0.9298985051934541,0.6844939141833583,0,sdsc,1,128,445,0,0.7755506184895833
SJF_USEREST,277,11512.418772563176,0.0,62964.39999999999,410870.0,4.037845333120007,16.710023744911798,23240.537906137186,0.9182660064334721,0.7027139882743925,0,sdsc,1,128,445,0,0.7755506184895833
HRRN_USEREST,277,15284.664259927798,0.0,91599.99999999993,340547.0,8.602648202746348,20.932590784036904,27012.783393501806,0.8942797926825653,0.7013657652605698,0,sdsc,1,128,445,0,0.7755506184895833
SMALLEST_FIRST,277,20533.80144404332,0.0,86895.79999999999,332338.0,16.925630024641233,111.74590426203272,32261.92057761733,0.8992550989807863,0.6949428752811867,0,sdsc,1,128,445,0,0.7755506184895833
EASY_USEREST,277,26714.505415162454,7566.0,119059.6,173024.0,39.317469227311086,291.28466666666634,38442.624548736465,0.6992821355714838,0.7248552177456954,0,sdsc,1,128,445,0,0.7755506184895833
EASY_ORACLE,277,27527.259927797833,6832.0,125327.59999999996,155146.0,43.61534585328915,252.33658536585338,39255.379061371845,0.6947250061524949,0.7259404843480004,0,sdsc,1,128,445,0,0.7755506184895833
CONS_BF_USEREST,277,30782.56678700361,5861.0,130914.79999999997,170540.0,40.0629798871929,274.32666666666665,42510.68592057762,0.7018698014280034,0.7169629611449996,0,sdsc,1,128,445,0,0.7755506184895833
SRPT_ORACLE,277,8550.592057761733,0.0,46847.599999999984,332776.0,1.2338590137016987,2.837981626730919,20278.71119133574,0.9347176961835496,0.7041877511656393,180,sdsc,1,128,445,0,0.7755506184895833
PROACTIVE,277,20438.90974729242,0.0,86847.79999999999,341054.0,17.096845000319924,114.74853706803962,32167.028880866426,0.8994670724610127,0.7001229092722365,0,sdsc,1,128,445,0,0.7755506184895833
PROACTIVE_EST,277,14408.963898916967,0.0,79285.19999999985,469251.0,5.711384767599943,32.25634328358197,26137.083032490973,0.9170675410995911,0.6940359370290541,0,sdsc,1,128,445,0,0.7755506184895833
FCFS,408,24764.553921568626,2781.0,104029.34999999999,173945.0,142.01556340881805,840.2858333333331,32641.553921568626,0.7254296877351478,0.7878130418144155,0,sdsc,2,128,570,0,0.826199779369213
FIFO_STRICT,408,106953.03921568628,105897.5,184145.19999999998,190209.0,902.5373167821515,2563.0391666666665,114830.03921568628,0.24145953304143755,0.7485490756606095,0,sdsc,2,128,570,0,0.826199779369213
SJF_ORACLE,408,8277.007352941177,0.0,30809.099999999926,470837.0,23.24300327839244,184.3369115259739,16154.007352941177,0.8662620435069985,0.7878130418144155,0,sdsc,2,128,570,0,0.826199779369213
SJF_USEREST,408,8512.84068627451,0.0,30222.149999999998,349977.0,25.847310083680217,173.73999999999998,16389.84068627451,0.8534989940649229,0.7724676786523955,0,sdsc,2,128,570,0,0.826199779369213
HRRN_USEREST,408,9160.365196078432,0.0,39392.899999999994,255409.0,21.750065141873637,111.80999999999983,17037.36519607843,0.8581255722877422,0.7810934412251311,0,sdsc,2,128,570,0,0.826199779369213
SMALLEST_FIRST,408,10821.764705882353,0.0,39996.69999999986,310369.0,18.026319499615035,109.65875,18698.764705882353,0.9159543331429073,0.7667920340376759,0,sdsc,2,128,570,0,0.826199779369213
EASY_USEREST,408,24674.92156862745,4321.5,99621.79999999996,173048.0,142.26924214582212,840.8764393939392,32551.92156862745,0.7060936150050223,0.7878130418144155,0,sdsc,2,128,570,0,0.826199779369213
EASY_ORACLE,408,24210.218137254902,493.5,105871.84999999999,147777.0,130.404150212216,961.1118441971383,32087.218137254902,0.7196420516140246,0.7878130418144155,0,sdsc,2,128,570,0,0.826199779369213
CONS_BF_USEREST,408,20266.45343137255,320.5,97370.49999999994,148552.0,82.3286582543313,395.25833333333327,28143.45343137255,0.7491458746776115,0.7878130418144155,0,sdsc,2,128,570,0,0.826199779369213
SRPT_ORACLE,408,5227.02205882353,0.0,11417.499999999995,496655.0,1.11772268501485,1.285751235247521,13104.02205882353,0.9690587672147577,0.773361465341887,326,sdsc,2,128,570,0,0.826199779369213
PROACTIVE,408,10824.475490196079,0.0,39833.59999999985,310369.0,18.04138553430684,108.46999999999993,18701.475490196077,0.9157634261384316,0.7667920340376759,0,sdsc,2,128,570,0,0.826199779369213
PROACTIVE_EST,408,8826.286764705883,0.0,30841.49999999993,310369.0,14.71111927956919,106.98958333333329,16703.28676470588,0.9134622085010199,0.7691301446004726,0,sdsc,2,128,570,0,0.826199779369213
FCFS,444,14393.326576576577,0.0,90861.14999999978,244922.0,29.014746869407695,135.51759803921541,21450.59234234234,0.8786329452696905,0.805245125408851,0,sdsc,3,128,554,0,0.9468685438368055
FIFO_STRICT,444,94111.2072072072,91252.5,188673.04999999967,205321.0,662.5465076285091,2046.7041666666667,101168.47297297297,0.28067051550577227,0.7777967711611413,0,sdsc,3,128,554,0,0.9468685438368055
SJF_ORACLE,444,10119.259009009009,0.0,32426.89999999997,508011.0,8.719836295208289,44.16480158730154,17176.524774774774,0.9199857236428857,0.781563368469373,0,sdsc,3,128,554,0,0.9468685438368055
SJF_USEREST,444,11506.792792792792,0.0,40598.74999999997,461372.0,8.703666229683078,47.7516666666666,18564.058558558558,0.9196349715451632,0.7826340554563291,0,sdsc,3,128,554,0,0.9468685438368055
HRRN_USEREST,444,12220.545045045044,0.0,77584.59999999983,315436.0,12.362423783125342,53.71976190476183,19277.81081081081,0.8873975645924266,0.8045142218108331,0,sdsc,3,128,554,0,0.9468685438368055
SMALLEST_FIRST,444,15102.108108108108,140.0,45714.09999999999,323880.0,34.07537066211888,229.56333333333257,22159.373873873872,0.869444162565939,0.7741996256968648,0,sdsc,3,128,554,0,0.9468685438368055
EASY_USEREST,444,24728.155405405407,14813.0,100135.34999999999,154668.0,114.41027710120935,620.1858333333332,31785.421171171172,0.6529712676920273,0.8508911711768401,0,sdsc,3,128,554,0,0.9468685438368055
EASY_ORACLE,444,20845.117117117115,13266.5,79836.39999999997,136232.0,90.48638547807174,441.7999999999999,27902.382882882885,0.6321330328482175,0.8512789790357724,0,sdsc,3,128,554,0,0.9468685438368055
CONS_BF_USEREST,444,27869.400900900902,15687.0,99496.84999999996,155161.0,100.46605703584049,499.29083333333324,34926.666666666664,0.6156149670366238,0.846165103001988,0,sdsc,3,128,554,0,0.9468685438368055
SRPT_ORACLE,444,7032.078828828829,0.0,23371.099999999966,617773.0,1.1622543116817494,1.6345681659214268,14089.344594594595,0.9626286244325744,0.8047142237752316,487,sdsc,3,128,554,0,0.9468685438368055
PROACTIVE,444,14888.581081081082,194.5,45682.299999999974,323880.0,32.85956891352641,182.98999999999998,21945.846846846845,0.8738178167093851,0.7741996256968648,0,sdsc,3,128,554,0,0.9468685438368055
PROACTIVE_EST,444,10849.085585585586,0.0,21462.399999999994,381768.0,5.6986241322453,29.987485549132906,17906.35135135135,0.9419225908249976,0.7782769926538371,0,sdsc,3,128,554,0,0.9468685438368055
FCFS,315,10528.155555555555,0.0,42767.70000000004,389762.0,22.92173374477829,146.41622647395238,17426.920634920636,0.8643179370867393,0.6853228462504158,0,sdsc,4,128,436,0,0.717754322193287
FIFO_STRICT,315,73586.72698412699,79185.0,123346.0,171731.0,437.1738033688888,1531.875,80485.49206349206,0.2502650548313545,0.6271677764782149,0,sdsc,4,128,436,0,0.717754322193287
SJF_ORACLE,315,9041.603174603175,0.0,36181.100000000006,407272.0,17.686484771130957,134.81184364850245,15940.368253968254,0.8952619774501693,0.6727012462508067,0,sdsc,4,128,436,0,0.717754322193287
SJF_USEREST,315,8384.863492063492,0.0,35417.8,338710.0,14.467988540472712,67.54065217391317,15283.628571428571,0.9042380078329968,0.6586321745523638,0,sdsc,4,128,436,0,0.717754322193287
HRRN_USEREST,315,8582.374603174603,0.0,41811.200000000026,337130.0,18.602521909270806,122.98834437086121,15481.139682539682,0.8868064524114131,0.6818356314904097,0,sdsc,4,128,436,0,0.717754322193287
SMALLEST_FIRST,315,10699.695238095239,0.0,55549.10000000012,420224.0,17.732658687926136,123.18863938053099,17598.460317460318,0.9062044768671036,0.6630035787444045,0,sdsc,4,128,436,0,0.717754322193287
EASY_USEREST,315,8938.892063492063,0.0,52577.70000000004,70777.0,41.83783821341052,166.1920428426956,15837.657142857142,0.7808002323076987,0.6890196508290817,0,sdsc,4,128,436,0,0.717754322193287
EASY_ORACLE,315,7034.092063492063,0.0,35010.100000000006,82037.0,18.081396436405587,152.617987904544,13932.857142857143,0.8038470636157458,0.6890196508290817,0,sdsc,4,128,436,0,0.717754322193287
CONS_BF_USEREST,315,9694.574603174604,0.0,58095.50000000001,73862.0,46.74106029419649,220.73888888888905,16593.33968253968,0.776733909498791,0.6890196508290817,0,sdsc,4,128,436,0,0.717754322193287
SRPT_ORACLE,315,3208.911111111111,0.0,13982.400000000001,278641.0,1.0916125911742296,1.5557929253500637,10107.67619047619,0.9653228543259973,0.6905909002311257,154,sdsc,4,128,436,0,0.717754322193287
PROACTIVE,315,10590.679365079364,0.0,55549.10000000012,389762.0,17.770789059188637,118.37364306784669,17489.444444444445,0.9060010515576116,0.6630035787444045,0,sdsc,4,128,436,0,0.717754322193287
PROACTIVE_EST,315,10831.628571428571,0.0,36259.100000000006,378604.0,30.010473943389215,156.7821566464424,17730.393650793652,0.8387959825891598,0.6942922271066742,0,sdsc,4,128,436,0,0.717754322193287
FCFS,510,7498.921568627451,0.0,29640.699999999964,281543.0,14.808974843567917,53.655656556565376,13011.95294117647,0.7823312428110258,0.7528130026591541,0,sdsc,5,128,729,0,0.749697193287037
FIFO_STRICT,510,98657.58431372549,100844.5,162559.59999999995,170845.0,426.3208002020415,2166.088333333333,104170.61568627451,0.20159350573468887,0.7287334548379657,0,sdsc,5,128,729,0,0.749697193287037
SJF_ORACLE,510,5346.341176470588,0.0,29138.049999999967,594538.0,3.485490671604375,6.167919613859656,10859.372549019608,0.9034900863978422,0.7424633317973723,0,sdsc,5,128,729,0,0.749697193287037
SJF_USEREST,510,5787.717647058824,0.0,29760.899999999918,589865.0,5.681125272245645,13.855231673582141,11300.749019607843,0.8797319764023745,0.7464616621242416,0,sdsc,5,128,729,0,0.749697193287037
HRRN_USEREST,510,5540.288235294118,0.0,26251.69999999999,585822.0,5.478962688277155,11.3671646913255,11053.319607843137,0.866559302412914,0.7499558586179029,0,sdsc,5,128,729,0,0.749697193287037
SMALLEST_FIRST,510,6060.062745098039,0.0,33573.49999999991,620783.0,5.658586410897517,16.40030571149614,11573.094117647059,0.9001814350655813,0.7207800643845357,0,sdsc,5,128,729,0,0.749697193287037
EASY_USEREST,510,10633.335294117647,2483.0,48015.699999999946,117547.0,22.5305455546098,83.16666666666667,16146.366666666667,0.7150339311258493,0.7595653894638094,0,sdsc,5,128,729,0,0.749697193287037
EASY_ORACLE,510,8606.341176470589,212.5,38736.95,116412.0,16.90963810908348,135.12833333333316,14119.372549019608,0.738484511304295,0.7595653894638094,0,sdsc,5,128,729,0,0.749697193287037
CONS_BF_USEREST,510,11690.758823529412,5344.0,50129.899999999936,117844.0,29.32181290376694,138.68416666666664,17203.790196078433,0.6704027823748918,0.7595653894638094,0,sdsc,5,128,729,0,0.749697193287037
SRPT_ORACLE,510,2765.1862745098038,0.0,17109.399999999987,138509.0,1.1634577607052186,2.11356949789332,8278.217647058824,0.9208944809270033,0.7463425903632416,346,sdsc,5,128,729,0,0.749697193287037
PROACTIVE,510,5961.156862745098,0.0,33573.49999999991,594515.0,5.196874276406987,14.962675124761867,11474.188235294117,0.8973677070879664,0.7424829062523284,0,sdsc,5,128,729,0,0.749697193287037
PROACTIVE_EST,510,5496.366666666667,0.0,24143.149999999987,616133.0,6.69245688883867,31.719166666666627,11009.398039215686,0.8843990301740488,0.7245290336941409,0,sdsc,5,128,729,0,0.749697193287037
FCFS,244,21158.60655737705,381.0,97475.65,130661.0,56.01988476654756,299.8247646103896,29845.55737704918,0.7340334467255188,0.6970170352133549,0,sdsc,6,128,371,0,0.805636329933449
FIFO_STRICT,244,63342.75819672131,69093.5,123363.45,140081.0,438.9036406160511,1789.4533333333331,72029.70901639345,0.3693922269390682,0.6785317781915822,0,sdsc,6,128,371,0,0.805636329933449
SJF_ORACLE,244,9965.397540983606,0.0,43538.09999999999,282237.0,12.252204527567496,65.71567733990146,18652.34836065574,0.8944936950841395,0.7034027628653715,0,sdsc,6,128,371,0,0.805636329933449
SJF_USEREST,244,12091.47131147541,0.0,96512.09999999989,207094.0,16.81750455136169,76.10156037991858,20778.42213114754,0.8551778290893235,0.7010225131176764,0,sdsc,6,128,371,0,0.805636329933449
HRRN_USEREST,244,14518.581967213115,598.5,80802.4,193893.0,26.357171398398698,196.67166666666665,23205.532786885247,0.7866368014404657,0.7025281301630892,0,sdsc,6,128,371,0,0.805636329933449
SMALLEST_FIRST,244,15528.196721311475,0.0,109264.84999999999,229663.0,31.84718449136743,189.33621212121213,24215.147540983606,0.8374837661270029,0.7040886547514644,0,sdsc,6,128,371,0,0.805636329933449
EASY_USEREST,244,23508.118852459018,0.0,95823.54999999999,119461.0,68.72548844706417,379.65491228070175,32195.069672131147,0.705622186495742,0.7055059308881287,0,sdsc,6,128,371,0,0.805636329933449
EASY_ORACLE,244,21023.30737704918,1585.5,92181.49999999997,108219.0,63.18464998472013,358.7482142857138,29710.258196721312,0.7245263385785399,0.7041570325817008,0,sdsc,6,128,371,0,0.805636329933449
CONS_BF_USEREST,244,23790.430327868853,1134.0,95783.59999999996,121749.0,82.1583056323784,406.6216666666665,32477.381147540982,0.7007483978284863,0.6932399834500569,0,sdsc,6,128,371,0,0.805636329933449
SRPT_ORACLE,244,8206.532786885246,0.0,44831.25,281582.0,1.2395501778854119,2.3116554151481377,16893.483606557376,0.9383833739538362,0.6981360005541658,214,sdsc,6,128,371,0,0.805636329933449
PROACTIVE,244,16024.106557377048,0.0,117656.3,228476.0,31.99718443532179,189.32166666666666,24711.05737704918,0.8439536718734232,0.7040886547514644,0,sdsc,6,128,371,0,0.805636329933449
PROACTIVE_EST,244,11928.110655737704,0.0,92902.49999999981,218412.0,19.803818997141946,86.74749999999999,20615.061475409835,0.8700221902917809,0.6931219414455322,0,sdsc,6,128,371,0,0.805636329933449
FCFS,587,1576.252129471891,0.0,9281.999999999973,50011.0,4.984584896399944,13.815038703434762,5159.522998296423,0.9303562208823037,0.6855191287826897,0,sdsc,7,128,740,0,0.6950116644965277
FIFO_STRICT,587,14852.097103918228,10610.0,40338.9,59595.0,105.68479517840098,601.9918656716416,18435.36797274276,0.4774291406305573,0.6729823958401043,0,sdsc,7,128,740,0,0.6950116644965277
SJF_ORACLE,587,1344.2350936967632,0.0,8473.799999999988,57445.0,3.552044007279108,10.06819780219778,4927.505962521294,0.9242989936334752,0.6720537183203416,0,sdsc,7,128,740,0,0.6950116644965277
SJF_USEREST,587,1361.074957410562,0.0,8398.79999999997,53687.0,3.6301631836705317,9.82093386318478,4944.345826235094,0.9240528653418258,0.6720537183203416,0,sdsc,7,128,740,0,0.6950116644965277
HRRN_USEREST,587,1471.7086882453152,0.0,8549.099999999999,63997.0,4.124713676161978,11.609278520257103,5054.979557069847,0.9284784544830266,0.6720537183203416,0,sdsc,7,128,740,0,0.6950116644965277
SMALLEST_FIRST,587,1747.7751277683135,0.0,8790.49999999999,78904.0,5.760252727978584,10.366773109243677,5331.045996592845,0.9356217788256831,0.6830177463852352,0,sdsc,7,128,740,0,0.6950116644965277
EASY_USEREST,587,2791.8517887563885,0.0,17436.799999999985,42212.0,12.49576791043502,61.99249493813264,6375.12265758092,0.8545408496191189,0.673007286222792,0,sdsc,7,128,740,0,0.6950116644965277
EASY_ORACLE,587,2853.853492333901,0.0,17740.599999999977,42212.0,12.34448911944842,55.005000462149425,6437.124361158432,0.8533312334897706,0.673007286222792,0,sdsc,7,128,740,0,0.6950116644965277
CONS_BF_USEREST,587,2883.2180579216356,0.0,17018.199999999993,42670.0,13.501565064358939,62.491195418754465,6466.488926746167,0.8521354551764062,0.673007286222792,0,sdsc,7,128,740,0,0.6950116644965277
SRPT_ORACLE,587,563.572402044293,0.0,635.2999999999953,56232.0,1.0356635121796764,1.1604388518954365,4146.843270868824,0.9754221260245897,0.6721505988717273,161,sdsc,7,128,740,0,0.6950116644965277
PROACTIVE,587,1749.1090289608178,0.0,8790.49999999999,78904.0,5.763196673749768,10.366773109243677,5332.379897785349,0.93557385455689,0.6830177463852352,0,sdsc,7,128,740,0,0.6950116644965277
PROACTIVE_EST,587,1502.1039182282793,0.0,8335.799999999977,78904.0,4.657429954138081,10.366773109243677,5085.3747870528105,0.9331259187194318,0.6720537183203416,0,sdsc,7,128,740,0,0.6950116644965277
FCFS,397,7877.639798488665,0.0,43774.999999999935,372351.0,15.72370470819369,79.99809509524523,13043.54911838791,0.9025274654731364,0.6803168011870121,0,sdsc,8,128,631,0,0.8012596480758102
FIFO_STRICT,397,34254.52896725441,11187.0,170589.79999999993,201666.0,309.236619041486,1497.9433333333332,39420.43828715365,0.6511347733887972,0.6626182773333448,0,sdsc,8,128,631,0,0.8012596480758102
SJF_ORACLE,397,7049.984886649874,10.0,32313.399999999972,377714.0,11.286378268916424,76.85829521829521,12215.89420654912,0.9005287562640967,0.6767501524375342,0,sdsc,8,128,631,0,0.8012596480758102
SJF_USEREST,397,7429.1234256926955,10.0,34496.99999999998,372937.0,16.401327069721887,59.30279854557309,12595.03274559194,0.9080848133629659,0.6799252550253736,0,sdsc,8,128,631,0,0.8012596480758102
HRRN_USEREST,397,7162.581863979849,0.0,36335.19999999998,372937.0,12.908915407694138,74.95848876135813,12328.491183879094,0.9021752794620037,0.6799252550253736,0,sdsc,8,128,631,0,0.8012596480758102
SMALLEST_FIRST,397,8425.486146095718,0.0,36335.19999999998,369902.0,16.75856796390165,62.63664335664334,13591.395465994961,0.9136191435448969,0.6819580356140188,0,sdsc,8,128,631,0,0.8012596480758102
EASY_USEREST,397,8331.614609571789,105.0,39953.99999999999,174638.0,23.57844048608471,155.38,13497.523929471034,0.8344808812690877,0.680215196416307,0,sdsc,8,128,631,0,0.8012596480758102
EASY_ORACLE,397,8156.821158690176,186.0,37442.2,170627.0,21.52266041443036,122.07407407407405,13322.730478589421,0.8188263107465156,0.68290656554011,0,sdsc,8,128,631,0,0.8012596480758102
CONS_BF_USEREST,397,8687.37783375315,277.0,40704.0,176830.0,24.70073891524684,170.1533333333333,13853.287153652393,0.8253009272471641,0.6787533160619095,0,sdsc,8,128,631,0,0.8012596480758102
SRPT_ORACLE,397,3692.828715365239,0.0,25005.999999999978,155078.0,1.1491764044190171,1.9813215435572578,8858.738035264483,0.9471482074882325,0.6761944846035293,320,sdsc,8,128,631,0,0.8012596480758102
PROACTIVE,397,8300.44080604534,0.0,35957.8,369902.0,15.960057745368566,62.63664335664334,13466.350125944584,0.9156750401742118,0.6819580356140188,0,sdsc,8,128,631,0,0.8012596480758102
PROACTIVE_EST,397,6819.695214105794,0.0,36335.19999999998,362916.0,13.4383806068861,51.95314211212514,11985.604534005039,0.9004014896680815,0.6866836241968056,0,sdsc,8,128,631,0,0.8012596480758102
FCFS,629,13529.799682034976,1817.0,45141.4,171871.0,82.9245632144375,488.18333333333345,16689.860095389507,0.6973079578993111,0.7711626151817151,0,sdsc,9,128,842,0,0.8195593171296296
FIFO_STRICT,629,48733.049284578694,56082.0,95685.8,126649.0,366.0970794290878,1260.9166666666667,51893.10969793323,0.4006074076721637,0.7500336302683007,0,sdsc,9,128,842,0,0.8195593171296296
SJF_ORACLE,629,4946.378378378378,2.0,20033.800000000003,210189.0,20.056776067305023,112.08854166666694,8106.4387917329095,0.8384029209247584,0.7676380226768382,0,sdsc,9,128,842,0,0.8195593171296296
SJF_USEREST,629,6344.990461049285,0.0,23235.800000000003,221355.0,25.70463753109869,116.90027667184025,9505.050874403816,0.8340928506645529,0.7624332964373084,0,sdsc,9,128,842,0,0.8195593171296296
HRRN_USEREST,629,7465.18759936407,395.0,26959.600000000002,171230.0,36.98351370443931,140.26600408441118,10625.2480127186,0.7643896933707748,0.7711626151817151,0,sdsc,9,128,842,0,0.8195593171296296
SMALLEST_FIRST,629,6919.559618441971,0.0,23276.200000000008,221677.0,32.20845635152417,167.15041456016183,10079.620031796503,0.8272211318871506,0.7747654966940313,0,sdsc,9,128,842,0,0.8195593171296296
EASY_USEREST,629,16828.055643879172,3781.0,87810.6,123812.0,103.18198790199826,428.3521435793734,19988.116057233703,0.7295149443305421,0.765847191638294,0,sdsc,9,128,842,0,0.8195593171296296
EASY_ORACLE,629,15821.365659777424,4967.0,63180.40000000001,121848.0,90.35640551217318,370.39239291212607,18981.426073131955,0.6902601422727734,0.7653596307765473,0,sdsc,9,128,842,0,0.8195593171296296
CONS_BF_USEREST,629,16616.327503974564,4966.0,80362.4,121848.0,94.38246712432033,414.6945205479452,19776.387917329095,0.7111217827866375,0.7653687306387771,0,sdsc,9,128,842,0,0.8195593171296296
SRPT_ORACLE,629,2236.872813990461,0.0,3074.800000000018,235774.0,1.0789991725088448,1.3523559350707959,5396.933227344992,0.9807315864027296,0.7760948693129449,355,sdsc,9,128,842,0,0.8195593171296296
PROACTIVE,629,6722.39586645469,0.0,23374.00000000001,190817.0,30.293882660920424,168.13261880687563,9882.456279809221,0.8200269670797878,0.7746832777200372,0,sdsc,9,128,842,0,0.8195593171296296
PROACTIVE_EST,629,6680.189189189189,0.0,28996.2,193360.0,24.319160774431317,125.53437500000003,9840.24960254372,0.8213756474093408,0.7705491787401764,0,sdsc,9,128,842,0,0.8195593171296296
FCFS,303,4313.392739273927,0.0,28402.399999999983,115347.0,11.704850454613307,39.598333333333315,9371.801980198019,0.8747463392646185,0.7362687064422013,0,sdsc,10,128,403,0,0.7439194245515046
FIFO_STRICT,303,30465.204620462046,31153.0,47781.399999999994,68965.0,243.51888171885008,695.77,35523.61386138614,0.22982733328983138,0.7136741772436865,0,sdsc,10,128,403,0,0.7439194245515046
SJF_ORACLE,303,4749.63696369637,0.0,19751.099999999988,155545.0,15.523173604803478,119.23999999999951,9808.046204620461,0.8737540310446683,0.734240872129419,0,sdsc,10,128,403,0,0.7439194245515046
SJF_USEREST,303,5906.283828382839,0.0,23488.39999999995,340888.0,28.07740325455852,142.53999999999954,10964.69306930693,0.8849898006088012,0.734240872129419,0,sdsc,10,128,403,0,0.7439194245515046
HRRN_USEREST,303,5405.399339933993,0.0,28746.199999999975,155545.0,21.002174656738646,158.31177083333304,10463.808580858085,0.847598530096184,0.734240872129419,0,sdsc,10,128,403,0,0.7439194245515046
SMALLEST_FIRST,303,7094.630363036304,0.0,54374.99999999986,193810.0,14.334796861058637,79.81041486187442,12153.039603960397,0.9044874319122593,0.7223508962848871,0,sdsc,10,128,403,0,0.7439194245515046
EASY_USEREST,303,4379.349834983498,0.0,28402.399999999983,68965.0,11.736391775110937,38.95462025316455,9437.75907590759,0.8570372285434381,0.7320056930063025,0,sdsc,10,128,403,0,0.7439194245515046
EASY_ORACLE,303,4284.976897689769,0.0,28402.399999999983,68965.0,11.38308203358333,31.11698526145767,9343.386138613861,0.8591677369020378,0.7373989064436006,0,sdsc,10,128,403,0,0.7439194245515046
CONS_BF_USEREST,303,4405.973597359736,0.0,28440.099999999995,68965.0,10.355176844373368,33.175857142857126,9464.38283828383,0.8523836968081944,0.7293989818571266,0,sdsc,10,128,403,0,0.7439194245515046
SRPT_ORACLE,303,2313.115511551155,0.0,9067.599999999955,132161.0,1.0750290234045055,1.395190871669908,7371.524752475248,0.9610081372139874,0.7360246703275736,211,sdsc,10,128,403,0,0.7439194245515046
PROACTIVE,303,7094.630363036304,0.0,54374.99999999986,193810.0,14.334796861058637,79.81041486187442,12153.039603960397,0.9044874319122593,0.7223508962848871,0,sdsc,10,128,403,0,0.7439194245515046
PROACTIVE_EST,303,6497.501650165016,0.0,54722.5,166643.0,12.763410693562351,49.19860197368421,11555.910891089108,0.9132944252249582,0.7219330536704507,0,sdsc,10,128,403,0,0.7439194245515046
FCFS,233,3861.2703862660946,0.0,36687.59999999998,53004.0,21.72667613080273,46.26430636595239,10397.399141630902,0.8959012082690255,0.5634758092168427,0,sdsc,11,128,364,0,0.594372413917824
FIFO_STRICT,233,9530.931330472104,765.0,34752.799999999996,40630.0,81.97665265072293,565.7299999999999,16067.06008583691,0.676807147047635,0.5615828644251663,0,sdsc,11,128,364,0,0.594372413917824
SJF_ORACLE,233,2317.708154506438,0.0,14438.599999999975,51768.0,10.429457512696903,62.40809844516502,8853.836909871245,0.871253599949861,0.5628613014730866,0,sdsc,11,128,364,0,0.594372413917824
SJF_USEREST,233,2377.0,0.0,15393.4,33656.0,10.823714534736245,62.40809844516502,8913.128755364807,0.8630759236279469,0.5651140275801583,0,sdsc,11,128,364,0,0.594372413917824
HRRN_USEREST,233,2295.6094420600857,0.0,18425.59999999997,42071.0,7.8348216855947515,32.489075630251634,8831.738197424893,0.9068683642088151,0.5651140275801583,0,sdsc,11,128,364,0,0.594372413917824
SMALLEST_FIRST,233,2972.31330472103,0.0,23831.599999999973,54362.0,10.410991694298628,37.546666666665914,9508.442060085838,0.9118093111237502,0.5634758092168427,0,sdsc,11,128,364,0,0.594372413917824
EASY_USEREST,233,4492.115879828326,0.0,27768.199999999997,40143.0,28.887807364786493,145.10333333333307,11028.244635193134,0.8392771207283295,0.5618821016510569,0,sdsc,11,128,364,0,0.594372413917824
EASY_ORACLE,233,4322.733905579399,0.0,27768.199999999997,40143.0,26.527702481191557,138.01176336746298,10858.862660944205,0.846824255617727,0.5618821016510569,0,sdsc,11,128,364,0,0.594372413917824
CONS_BF_USEREST,233,4492.115879828326,0.0,27768.199999999997,40143.0,28.887807364786493,145.10333333333307,11028.244635193134,0.8392771207283295,0.5618821016510569,0,sdsc,11,128,364,0,0.594372413917824
SRPT_ORACLE,233,1344.1244635193134,0.0,5215.999999999926,59986.0,1.0409799392537438,1.173041356532835,7880.2532188841205,0.9636561001972656,0.5569163851223331,44,sdsc,11,128,364,0,0.594372413917824
PROACTIVE,233,2972.31330472103,0.0,23831.599999999973,54362.0,10.410991694298628,37.546666666665914,9508.442060085838,0.9118093111237502,0.5634758092168427,0,sdsc,11,128,364,0,0.594372413917824
PROACTIVE_EST,233,2523.9484978540772,0.0,16704.599999999886,47555.0,8.934027441346124,35.960394592619515,9060.077253218884,0.9052883961365801,0.5651140275801583,0,sdsc,11,128,364,0,0.594372413917824
FCFS,160,19931.44375,7217.0,49600.34999999993,362649.0,75.9091306856429,392.9677659574464,31835.65625,0.7429927049156938,0.7670124282227596,0,sdsc,12,128,205,0,0.7796521538628473
FIFO_STRICT,160,45366.8625,42390.0,75492.29999999999,82073.0,257.88049822016205,981.8533333333334,57271.075,0.2284777139095744,0.762681605409154,0,sdsc,12,128,205,0,0.7796521538628473
SJF_ORACLE,160,15981.0375,993.5,62286.04999999994,374734.0,45.607425504585684,183.11592857142827,27885.25,0.8479851804834324,0.7670124282227596,0,sdsc,12,128,205,0,0.7796521538628473
SJF_USEREST,160,16294.95,1952.5,42763.69999999986,365254.0,47.648784793586906,242.95374293785227,28199.1625,0.8185589467519078,0.7670124282227596,0,sdsc,12,128,205,0,0.7796521538628473
HRRN_USEREST,160,17603.43125,4353.0,49603.95,365895.0,50.27127996615844,245.04591807909605,29507.64375,0.7909966127874928,0.7670124282227596,0,sdsc,12,128,205,0,0.7796521538628473
SMALLEST_FIRST,160,20006.85,1325.0,68043.44999999992,370271.0,52.85836311521966,290.58198717948596,31911.0625,0.8131936608586559,0.7670124282227596,0,sdsc,12,128,205,0,0.7796521538628473
EASY_USEREST,160,16308.06875,11998.0,48695.2,77578.0,43.988615695849845,258.18947115384617,28212.28125,0.5629860443890696,0.762681605409154,0,sdsc,12,128,205,0,0.7796521538628473
EASY_ORACLE,160,19719.78125,16660.0,57513.24999999997,82046.0,34.804802959770406,251.00845365139145,31623.99375,0.5780422042111902,0.7672649105329581,0,sdsc,12,128,205,0,0.7796521538628473
CONS_BF_USEREST,160,16357.36875,11908.5,48695.2,77578.0,43.53938645507995,258.18947115384617,28261.58125,0.5634762586930432,0.762681605409154,0,sdsc,12,128,205,0,0.7796521538628473
SRPT_ORACLE,160,4629.15,0.0,23613.249999999996,119103.0,1.1381660548972778,1.7586231936517231,16533.3625,0.908606078464729,0.7691612620240755,137,sdsc,12,128,205,0,0.7796521538628473
PROACTIVE,160,19880.625,1325.0,68043.44999999992,366905.0,52.40611294213481,290.58198717948596,31784.8375,0.8124336862208809,0.7670124282227596,0,sdsc,12,128,205,0,0.7796521538628473
PROACTIVE_EST,160,18006.725,2268.5,64170.89999999998,374946.0,47.81039160881223,165.01249999999996,29910.9375,0.8275623065826796,0.7670124282227596,0,sdsc,12,128,205,0,0.7796521538628473
FCFS,303,10659.059405940594,0.0,47535.399999999914,346196.0,30.842344142819194,197.42436936936926,16147.706270627063,0.88396682278753,0.7131667848485417,0,sdsc,13,128,352,0,0.7487813765914352
FIFO_STRICT,303,50332.44554455446,46168.0,106377.59999999998,114921.0,243.94387959362498,1428.358333333333,55821.092409240926,0.3989669961809479,0.7036477486053693,0,sdsc,13,128,352,0,0.7487813765914352
SJF_ORACLE,303,9312.709570957095,0.0,29114.499999999844,419192.0,19.66337945324234,47.43071926352908,14801.356435643564,0.9485164475261751,0.7131667848485417,0,sdsc,13,128,352,0,0.7487813765914352
SJF_USEREST,303,9936.943894389438,0.0,30239.69999999999,419192.0,21.719902196425846,50.939887005649624,15425.590759075907,0.945220066114109,0.7131667848485417,0,sdsc,13,128,352,0,0.7487813765914352
HRRN_USEREST,303,10299.63696369637,0.0,49378.79999999996,419192.0,22.538606479565985,59.18897038661912,15788.283828382839,0.9394291432321914,0.7131667848485417,0,sdsc,13,128,352,0,0.7487813765914352
SMALLEST_FIRST,303,10083.125412541254,0.0,48630.39999999966,419192.0,20.602883209899847,57.60168586052449,15571.772277227723,0.9431969940692574,0.7131667848485417,0,sdsc,13,128,352,0,0.7487813765914352
EASY_USEREST,303,8418.679867986799,0.0,47283.799999999996,78810.0,22.14020410024903,125.51070590744284,13907.326732673268,0.7906711045409678,0.7036477486053693,0,sdsc,13,128,352,0,0.7487813765914352
EASY_ORACLE,303,7979.73597359736,0.0,46403.89999999991,70848.0,19.482603201118504,108.13890390390371,13468.38283828383,0.7902849829373432,0.7036477486053693,0,sdsc,13,128,352,0,0.7487813765914352
CONS_BF_USEREST,303,14479.125412541254,1594.0,61258.19999999999,91119.0,34.62006438166479,135.75713412527568,19967.772277227723,0.7265502731756704,0.7036477486053693,0,sdsc,13,128,352,0,0.7487813765914352
SRPT_ORACLE,303,2403.8118811881186,0.0,15983.599999999944,98056.0,1.082451479283955,1.6593821463934757,7892.458745874587,0.9462917261926164,0.7174768841624756,200,sdsc,13,128,352,0,0.7487813765914352
PROACTIVE,303,10098.57095709571,0.0,48953.49999999965,419192.0,20.74228946819788,58.20001919385796,15587.217821782178,0.9429439544623707,0.7131667848485417,0,sdsc,13,128,352,0,0.7487813765914352
PROACTIVE_EST,303,9870.627062706271,0.0,30239.69999999999,419192.0,21.03771292267237,51.850310734463164,15359.27392739274,0.9454698390796682,0.7131667848485417,0,sdsc,13,128,352,0,0.7487813765914352
FCFS,323,3053.5758513931887,0.0,16474.899999999998,71440.0,8.58783622252812,23.611666666666626,11375.052631578947,0.8835981459587502,0.6542665782735122,0,sdsc,14,128,500,0,0.6958443106192129
FIFO_STRICT,323,11008.383900928793,2319.0,31642.799999999992,73925.0,56.511526234648215,349.87666666666655,19329.86068111455,0.6384905482858537,0.647287276435325,0,sdsc,14,128,500,0,0.6958443106192129
SJF_ORACLE,323,2279.3684210526317,0.0,13800.699999999959,71642.0,7.498354555946006,9.19264351559753,10600.84520123839,0.8872546286267037,0.645860397065743,0,sdsc,14,128,500,0,0.6958443106192129
SJF_USEREST,323,2391.2321981424147,0.0,17162.69999999997,63142.0,8.3247641778349,8.733080127419749,10712.708978328174,0.9036102811544172,0.645860397065743,0,sdsc,14,128,500,0,0.6958443106192129
HRRN_USEREST,323,2437.532507739938,0.0,13338.99999999997,67280.0,7.995535554744822,10.547250313527947,10759.009287925697,0.8915037010490645,0.645860397065743,0,sdsc,14,128,500,0,0.6958443106192129
SMALLEST_FIRST,323,2898.0897832817336,0.0,16474.899999999998,59480.0,8.723145053722158,12.11773523265736,11219.566563467492,0.8909558174085467,0.645860397065743,0,sdsc,14,128,500,0,0.6958443106192129
EASY_USEREST,323,3798.2074303405575,0.0,27891.29999999998,73925.0,9.196377894879737,16.715253483023204,12119.684210526315,0.874721071424897,0.6518172255867835,0,sdsc,14,128,500,0,0.6958443106192129
EASY_ORACLE,323,3551.2383900928794,0.0,22979.199999999983,71440.0,10.397070507009266,13.669280219247607,11872.715170278638,0.8655618160625528,0.6542665782735122,0,sdsc,14,128,500,0,0.6958443106192129
CONS_BF_USEREST,323,3733.5665634674924,0.0,23814.29999999998,73925.0,8.924870132983724,22.779028455025426,12055.043343653251,0.8561466841540001,0.6518172255867835,0,sdsc,14,128,500,0,0.6958443106192129
SRPT_ORACLE,323,1505.826625386997,0.0,8252.999999999998,65892.0,1.036236449081836,1.2174875967622605,9827.303405572755,0.9494578870233519,0.6440877440099481,124,sdsc,14,128,500,0,0.6958443106192129
PROACTIVE,323,3588.622291021672,0.0,26282.999999999975,65006.0,9.423568075183727,16.69406431459578,11910.09907120743,0.8858994911489431,0.645860397065743,0,sdsc,14,128,500,0,0.6958443106192129
PROACTIVE_EST,323,3298.7925696594425,0.0,16959.899999999998,73885.0,9.541040600303946,27.17942105018793,11620.2693498452,0.8705644788831046,0.6510633589606974,0,sdsc,14,128,500,0,0.6958443106192129
FCFS,178,8722.47191011236,0.0,51776.150000000016,66872.0,35.03952748259727,313.3258178053833,18141.3595505618,0.771765744159489,0.5577781843992959,0,sdsc,15,128,252,0,0.5839059606481481
FIFO_STRICT,178,31029.544943820223,29490.5,73814.45000000001,99221.0,156.2018653334244,872.3817857142861,40448.43258426966,0.5150515455222474,0.5577781843992959,0,sdsc,15,128,252,0,0.5839059606481481
SJF_ORACLE,178,6116.904494382023,0.0,26682.500000000004,122925.0,18.425400856262932,165.96472527472528,15535.792134831461,0.8236450061540803,0.5577781843992959,0,sdsc,15,128,252,0,0.5839059606481481
SJF_USEREST,178,5858.483146067416,0.0,28182.450000000015,68197.0,15.165180518050535,135.71408385093167,15277.370786516854,0.813933538907246,0.5577781843992959,0,sdsc,15,128,252,0,0.5839059606481481
HRRN_USEREST,178,6643.6292134831465,0.0,27183.000000000022,122925.0,19.20577766504611,140.89648809523828,16062.516853932584,0.7979781711402022,0.5577781843992959,0,sdsc,15,128,252,0,0.5839059606481481
SMALLEST_FIRST,178,7862.848314606742,0.0,52966.8,78540.0,30.229764461181524,254.69583333333333,17281.73595505618,0.8106059786834549,0.5577781843992959,0,sdsc,15,128,252,0,0.5839059606481481
EASY_USEREST,178,12333.151685393259,0.0,51782.050000000054,67400.0,41.0454879247182,346.20692307692343,21752.039325842696,0.7167347080643222,0.5577781843992959,0,sdsc,15,128,252,0,0.5839059606481481
EASY_ORACLE,178,9791.758426966293,0.0,40942.50000000001,62823.0,26.24837421775996,233.11361372440513,19210.64606741573,0.7241310377521522,0.5577781843992959,0,sdsc,15,128,252,0,0.5839059606481481
CONS_BF_USEREST,178,13296.432584269663,0.0,50637.90000000005,65016.0,50.69827578142787,454.4625000000005,22715.3202247191,0.69992502447932,0.5577781843992959,0,sdsc,15,128,252,0,0.5839059606481481
SRPT_ORACLE,178,2576.5,0.0,12810.650000000005,159156.0,1.0651411457482445,1.5014681998372266,11995.387640449439,0.958680547448554,0.5591147722096428,71,sdsc,15,128,252,0,0.5839059606481481
PROACTIVE,178,7495.960674157303,0.0,36122.800000000054,129635.0,23.293122833739414,233.72035163313205,16914.84831460674,0.8295735365078035,0.5577781843992959,0,sdsc,15,128,252,0,0.5839059606481481
PROACTIVE_EST,178,6387.179775280899,0.0,26941.250000000015,78540.0,18.72147172602481,157.72374188311696,15806.067415730337,0.7930246508543272,0.5577781843992959,0,sdsc,15,128,252,0,0.5839059606481481
FCFS,206,1827.0582524271845,0.0,12377.5,60804.0,2.103014698606406,3.6396947037691088,8619.184466019418,0.9469055542305291,0.535984499454827,0,sdsc,16,128,325,0,0.5444851888020833
FIFO_STRICT,206,3681.4854368932038,0.0,31782.75,48105.0,13.406839918024101,32.417503309797,10473.611650485436,0.8713543650018732,0.535984499454827,0,sdsc,16,128,325,0,0.5444851888020833
SJF_ORACLE,206,1608.1456310679612,0.0,4895.5,78785.0,1.8333567048041035,2.6818742558160835,8400.271844660194,0.9611308473679777,0.535984499454827,0,sdsc,16,128,325,0,0.5444851888020833
SJF_USEREST,206,1608.8398058252428,0.0,4955.5,60785.0,1.8469720046273024,3.508793238993711,8400.966019417476,0.9590755611545377,0.535984499454827,0,sdsc,16,128,325,0,0.5444851888020833
HRRN_USEREST,206,1608.8398058252428,0.0,4955.5,60785.0,1.8471129952173548,3.508793238993711,8400.966019417476,0.9590631403820026,0.535984499454827,0,sdsc,16,128,325,0,0.5444851888020833
SMALLEST_FIRST,206,1795.5631067961165,0.0,4845.0,64376.0,1.7397619175149779,3.508793238993711,8587.68932038835,0.9606083564240654,0.535984499454827,0,sdsc,16,128,325,0,0.5444851888020833
EASY_USEREST,206,1538.0970873786407,0.0,12377.5,48105.0,2.005985562200628,2.888979448433239,8330.223300970874,0.9431160584671637,0.535984499454827,0,sdsc,16,128,325,0,0.5444851888020833
EASY_ORACLE,206,1631.4223300970873,0.0,13060.75,48105.0,2.0431391153433696,2.9368206024489507,8423.54854368932,0.9397951103954271,0.535984499454827,0,sdsc,16,128,325,0,0.5444851888020833
CONS_BF_USEREST,206,1538.0970873786407,0.0,12377.5,48105.0,2.005985562200628,2.888979448433239,8330.223300970874,0.9431160584671637,0.535984499454827,0,sdsc,16,128,325,0,0.5444851888020833
SRPT_ORACLE,206,1180.7475728155339,0.0,4630.5,69617.0,1.033640709426504,1.2184287935323384,7972.873786407767,0.9656447333348182,0.5371914851891814,78,sdsc,16,128,325,0,0.5444851888020833
PROACTIVE,206,1608.8398058252428,0.0,4955.5,60785.0,1.846848389620358,3.508793238993711,8400.966019417476,0.9590645465071953,0.535984499454827,0,sdsc,16,128,325,0,0.5444851888020833
PROACTIVE_EST,206,1617.0339805825242,0.0,4955.5,60785.0,1.8596892764111526,4.072630772005772,8409.160194174758,0.9584721634164647,0.535984499454827,0,sdsc,16,128,325,0,0.5444851888020833
FCFS,205,3294.1853658536584,0.0,14534.599999999999,86145.0,14.972041666742383,55.778448275862026,10077.004878048781,0.9020210037494003,0.5356926740920314,0,sdsc,17,128,343,0,0.5388783094618056
FIFO_STRICT,205,18301.331707317073,9985.0,67583.4,77939.0,130.86371698904333,541.1415602836873,25084.151219512194,0.6323420693200319,0.5334352937789867,0,sdsc,17,128,343,0,0.5388783094618056
SJF_ORACLE,205,2263.151219512195,0.0,10268.399999999998,82365.0,7.985937286616829,29.240229885057385,9045.970731707317,0.8876945834634035,0.5356926740920314,0,sdsc,17,128,343,0,0.5388783094618056
SJF_USEREST,205,2356.560975609756,0.0,11509.99999999997,67288.0,8.180192136827586,29.416013360840875,9139.380487804878,0.8871269323132172,0.5356926740920314,0,sdsc,17,128,343,0,0.5388783094618056
HRRN_USEREST,205,2356.560975609756,0.0,11509.99999999997,67288.0,8.180192136827586,29.416013360840875,9139.380487804878,0.8871269323132172,0.5356926740920314,0,sdsc,17,128,343,0,0.5388783094618056
SMALLEST_FIRST,205,3240.629268292683,0.0,15119.399999999985,86193.0,13.81263697933229,56.58166079812206,10023.448780487804,0.9035699142457662,0.5356926740920314,0,sdsc,17,128,343,0,0.5388783094618056
EASY_USEREST,205,3240.5463414634146,0.0,13021.399999999998,68170.0,14.737476347442668,64.72255830062325,10023.365853658537,0.866440115267613,0.5356926740920314,0,sdsc,17,128,343,0,0.5388783094618056
EASY_ORACLE,205,3240.5463414634146,0.0,13021.399999999998,68170.0,14.737476347442668,64.72255830062325,10023.365853658537,0.866440115267613,0.5356926740920314,0,sdsc,17,128,343,0,0.5388783094618056
CONS_BF_USEREST,205,3012.0536585365853,0.0,15857.199999999984,68827.0,10.637617917328786,32.89544159544143,9794.873170731707,0.8905253059973864,0.5356926740920314,0,sdsc,17,128,343,0,0.5388783094618056
SRPT_ORACLE,205,1105.4731707317073,0.0,4169.199999999998,50348.0,1.0299100307102007,1.1035171764570044,7888.292682926829,0.9620113949283979,0.5370176232303987,150,sdsc,17,128,343,0,0.5388783094618056
PROACTIVE,205,3236.541463414634,0.0,15119.399999999985,86193.0,13.737420632860116,56.58166079812206,10019.360975609756,0.9040544634365801,0.5356926740920314,0,sdsc,17,128,343,0,0.5388783094618056
PROACTIVE_EST,205,2350.6439024390243,0.0,11509.99999999997,67288.0,8.088317079404552,29.416013360840875,9133.463414634147,0.8880664338329564,0.5356926740920314,0,sdsc,17,128,343,0,0.5388783094618056
FCFS,167,5687.916167664671,0.0,36227.899999999994,67436.0,16.506150932304728,42.96166666666661,16178.59880239521,0.8323761538259521,0.7881112755627352,0,sdsc,18,128,254,0,0.7707618815104167
FIFO_STRICT,167,30329.40119760479,29743.0,60905.29999999998,70703.0,242.60315894674534,918.8149999999999,40820.08383233533,0.398741763187846,0.7698895182715418,0,sdsc,18,128,254,0,0.7707618815104167
SJF_ORACLE,167,4337.059880239521,0.0,27471.099999999984,69634.0,7.42040032487264,43.26499999999994,14827.74251497006,0.8638687357594704,0.7850814398561258,0,sdsc,18,128,254,0,0.7707618815104167
SJF_USEREST,167,4435.682634730539,0.0,23655.899999999983,63126.0,12.153904494289085,16.405474062202572,14926.365269461077,0.8544946612574983,0.7881112755627352,0,sdsc,18,128,254,0,0.7707618815104167
HRRN_USEREST,167,4700.568862275449,0.0,28026.799999999977,63126.0,13.397452779773856,6.807582938388605,15191.251497005987,0.8527251384529585,0.7881112755627352,0,sdsc,18,128,254,0,0.7707618815104167
SMALLEST_FIRST,167,5362.209580838324,0.0,32947.299999999974,78295.0,11.161884215045701,55.15954022988503,15852.892215568862,0.8474354523042751,0.7850814398561258,0,sdsc,18,128,254,0,0.7707618815104167
EASY_USEREST,167,5300.646706586826,0.0,32066.099999999995,63126.0,13.965606868936273,69.7029702970297,15791.329341317365,0.8321402535684702,0.7881112755627352,0,sdsc,18,128,254,0,0.7707618815104167
EASY_ORACLE,167,5226.814371257485,0.0,32018.499999999996,63126.0,13.961390011168456,69.7029702970297,15717.497005988023,0.8361021101741033,0.7881112755627352,0,sdsc,18,128,254,0,0.7707618815104167
CONS_BF_USEREST,167,6823.982035928144,0.0,33414.09999999998,61691.0,18.189648951713618,140.59917773560986,17314.664670658683,0.7844714027528238,0.7804442682129333,0,sdsc,18,128,254,0,0.7707618815104167
SRPT_ORACLE,167,3401.5149700598804,0.0,22475.299999999992,59784.0,1.104923990437269,1.67609283296192,13892.197604790419,0.8907380036890586,0.7899175313321025,105,sdsc,18,128,254,0,0.7707618815104167
PROACTIVE,167,5362.209580838324,0.0,32947.299999999974,78295.0,11.161884215045701,55.15954022988503,15852.892215568862,0.8474354523042751,0.7850814398561258,0,sdsc,18,128,254,0,0.7707618815104167
PROACTIVE_EST,167,4845.622754491018,0.0,31246.999999999996,78295.0,9.870253655990245,62.83678160919516,15336.305389221558,0.857904205454312,0.7850814398561258,0,sdsc,18,128,254,0,0.7707618815104167
FCFS,126,13319.507936507936,1705.0,62710.75,93924.0,35.12872906684289,183.28813559322035,28276.81746031746,0.7355014771836262,0.6714703416419182,0,sdsc,19,128,222,0,0.7081260941116898
FIFO_STRICT,126,36778.69841269841,41493.0,86869.5,105590.0,198.19958869940106,1237.9041666666667,51736.00793650794,0.47528449014169266,0.6712832122539554,0,sdsc,19,128,222,0,0.7081260941116898
SJF_ORACLE,126,9601.396825396825,0.0,57211.75,137452.0,6.349393442166406,22.920833333333334,24558.70634920635,0.8315787516639574,0.6622263001482869,0,sdsc,19,128,222,0,0.7081260941116898
SJF_USEREST,126,9370.214285714286,0.0,59949.75,115153.0,9.620398550896978,29.729166666666668,24327.52380952381,0.8360347442532888,0.6714703416419182,0,sdsc,19,128,222,0,0.7081260941116898
HRRN_USEREST,126,11307.420634920634,0.0,62221.5,114296.0,25.01186601815196,103.53590151656994,26264.73015873016,0.7807091778303968,0.6714703416419182,0,sdsc,19,128,222,0,0.7081260941116898
SMALLEST_FIRST,126,11286.777777777777,0.0,68418.0,124834.0,25.641207566597416,80.60614892535797,26244.0873015873,0.8259624966468343,0.6714703416419182,0,sdsc,19,128,222,0,0.7081260941116898
EASY_USEREST,126,16820.690476190477,0.0,69872.25,108725.0,27.780670206523677,25.92234223770809,31778.0,0.7264828254857542,0.6745277423525637,0,sdsc,19,128,222,0,0.7081260941116898
EASY_ORACLE,126,15748.190476190477,1869.5,63732.0,102676.0,25.185850762946767,107.73493782321466,30705.5,0.7092476665065504,0.6714703416419182,0,sdsc,19,128,222,0,0.7081260941116898
CONS_BF_USEREST,126,17179.896825396827,0.0,75712.5,104247.0,22.108489843144405,21.965218648165667,32137.20634920635,0.7145422624152147,0.6714703416419182,0,sdsc,19,128,222,0,0.7081260941116898
SRPT_ORACLE,126,7215.690476190476,0.0,41696.5,269083.0,1.1515471660175187,1.9008240136491885,22173.0,0.9253468831422299,0.6716636466069233,71,sdsc,19,128,222,0,0.7081260941116898
PROACTIVE,126,11692.20634920635,0.0,78580.5,130096.0,26.12469119312698,72.41208112874779,26649.515873015873,0.8421662376630346,0.668526718641073,0,sdsc,19,128,222,0,0.7081260941116898
PROACTIVE_EST,126,11778.238095238095,0.0,73221.75,130417.0,20.61981021814152,91.50526263774276,26735.54761904762,0.8077411491233593,0.6708489438849354,0,sdsc,19,128,222,0,0.7081260941116898
FCFS,155,8099.61935483871,0.0,39260.399999999965,66887.0,40.534473138260815,362.5433333333329,17792.251612903226,0.7726647294816412,0.6406354371853306,0,sdsc,20,128,198,0,0.6188404857494213
FIFO_STRICT,155,22345.73548387097,11823.0,71786.49999999999,76482.0,138.77990992383425,760.6416666666664,32038.367741935483,0.5855178879852755,0.6406354371853306,0,sdsc,20,128,198,0,0.6188404857494213
SJF_ORACLE,155,5703.193548387097,0.0,27855.499999999924,128086.0,18.4865602712907,130.53333333333282,15395.825806451612,0.8346589027926555,0.6406354371853306,0,sdsc,20,128,198,0,0.6188404857494213
SJF_USEREST,155,5458.309677419355,0.0,33325.79999999996,120892.0,9.201512706880164,6.568763861580657,15150.94193548387,0.8833706012900053,0.6406354371853306,0,sdsc,20,128,198,0,0.6188404857494213
HRRN_USEREST,155,5500.6,0.0,43451.59999999999,90497.0,11.323229157893296,15.034430874449981,15193.232258064516,0.8699895268260017,0.6406354371853306,0,sdsc,20,128,198,0,0.6188404857494213
SMALLEST_FIRST,155,5503.548387096775,0.0,43451.59999999999,74835.0,11.303419516314241,16.1884978016607,15196.18064516129,0.8696952528970998,0.6406354371853306,0,sdsc,20,128,198,0,0.6188404857494213
EASY_USEREST,155,10324.412903225806,0.0,40440.29999999997,74029.0,65.47874208055947,514.5816666666661,20017.045161290323,0.7234854764892135,0.6406354371853306,0,sdsc,20,128,198,0,0.6188404857494213
EASY_ORACLE,155,8917.76129032258,0.0,39571.49999999999,66887.0,41.8485301290834,381.4188607594935,18610.393548387096,0.7351823902832035,0.6406354371853306,0,sdsc,20,128,198,0,0.6188404857494213
CONS_BF_USEREST,155,11386.916129032257,0.0,44933.89999999993,74029.0,67.17246831260117,531.1016666666666,21079.548387096773,0.7226050556737335,0.6406354371853306,0,sdsc,20,128,198,0,0.6188404857494213
SRPT_ORACLE,155,2980.9032258064517,0.0,20287.799999999857,66804.0,1.1007616326739564,1.78070544225607,12673.535483870968,0.9271085592365972,0.6419642827723501,84,sdsc,20,128,198,0,0.6188404857494213
PROACTIVE,155,5503.548387096775,0.0,43451.59999999999,74835.0,11.303432526317806,16.1884978016607,15196.18064516129,0.86969184954934,0.6406354371853306,0,sdsc,20,128,198,0,0.6188404857494213
PROACTIVE_EST,155,5431.109677419355,0.0,37479.59999999986,92181.0,9.845963791225712,20.94880745518221,15123.741935483871,0.8728760298035574,0.6406354371853306,0,sdsc,20,128,198,0,0.6188404857494213
FCFS,982,4153.5641547861505,619.5,22996.149999999925,60896.0,15.11081693567914,53.01916666666662,6513.063136456211,0.7995959476120826,0.7674424540600482,0,lanl,1,1024,1649,0,0.7753771339699074
FIFO_STRICT,982,23006.93686354379,21368.5,53237.95,58398.0,100.85656361578026,699.3241666666667,25366.435845213848,0.501616324325142,0.7674424540600482,0,lanl,1,1024,1649,0,0.7753771339699074
SJF_ORACLE,982,1683.337067209776,0.0,5272.949999999999,232301.0,3.007010003439304,9.553236559139776,4042.836048879837,0.9285651617274361,0.7674424540600482,0,lanl,1,1024,1649,0,0.7753771339699074
SJF_USEREST,982,3424.1476578411407,0.0,7762.04999999991,284545.0,14.442302444950979,20.111388888888836,5783.646639511202,0.9338827874385286,0.7674424540600482,0,lanl,1,1024,1649,0,0.7753771339699074
HRRN_USEREST,982,3844.8187372708758,83.0,14356.699999999973,167855.0,15.423402057129472,51.61821206207599,6204.317718940937,0.8761118978074771,0.7674424540600482,0,lanl,1,1024,1649,0,0.7753771339699074
SMALLEST_FIRST,982,5169.6191446028515,0.0,20937.85,139354.0,15.808344041076246,23.547274939172727,7529.118126272912,0.9330575949021036,0.7674424540600482,0,lanl,1,1024,1649,0,0.7753771339699074
EASY_USEREST,982,8435.246435845214,3838.0,32457.75,43979.0,32.14252463771777,171.54541164658596,10794.745417515274,0.6363445121190126,0.7674424540600482,0,lanl,1,1024,1649,0,0.7753771339699074
EASY_ORACLE,982,3693.399185336049,1090.0,19048.799999999996,25727.0,9.410612959001233,36.642291666666544,6052.89816700611,0.7257987649260291,0.7674424540600482,0,lanl,1,1024,1649,0,0.7753771339699074
CONS_BF_USEREST,982,12478.171079429736,5853.0,39848.5,46543.0,46.727368281323365,281.6019484412469,14837.670061099796,0.5992032307054675,0.7674424540600482,0,lanl,1,1024,1649,0,0.7753771339699074
SRPT_ORACLE,982,1248.7403258655804,0.0,4674.199999999999,261480.0,1.1132882094747483,1.5565933290036629,3608.2393075356417,0.9705867851617396,0.7770909608755769,861,lanl,1,1024,1649,0,0.7753771339699074
PROACTIVE,982,5230.408350305499,0.0,19634.95,139354.0,15.964380302165074,22.504999999999963,7589.90733197556,0.9294658532405103,0.7674424540600482,0,lanl,1,1024,1649,0,0.7753771339699074
PROACTIVE_EST,982,4193.095723014257,12.0,9973.099999999973,300651.0,10.033166887279629,23.82872549019607,6552.594704684318,0.927347606363991,0.7674424540600482,0,lanl,1,1024,1649,0,0.7753771339699074
FCFS,688,1730.2296511627908,0.0,9943.85,34522.0,5.709929364430196,12.426030927835011,5099.283430232558,0.8406089616617182,0.6782106558663051,0,lanl,2,1024,1120,0,0.6954469401041666
FIFO_STRICT,688,9962.001453488372,7915.5,29217.6,42275.0,42.75687763980924,261.62342592592586,13331.05523255814,0.524184062507381,0.6753004759062955,0,lanl,2,1024,1120,0,0.6954469401041666
SJF_ORACLE,688,1433.2601744186047,0.0,4437.849999999993,161523.0,2.3552831328254342,6.694508990318116,4802.313953488372,0.9284201709021664,0.6780078560926539,0,lanl,2,1024,1120,0,0.6954469401041666
SJF_USEREST,688,2352.3343023255816,0.0,8715.199999999997,174215.0,7.9692869096400045,12.839847328244241,5721.388081395349,0.9265381643534468,0.6755388720934677,0,lanl,2,1024,1120,0,0.6954469401041666
HRRN_USEREST,688,1925.5726744186047,0.0,11078.449999999995,45480.0,4.891040391777362,11.288333333333334,5294.626453488372,0.8890663751636892,0.6750046129036607,0,lanl,2,1024,1120,0,0.6954469401041666
SMALLEST_FIRST,688,2398.764534883721,0.0,19378.999999999996,56321.0,6.347088663038229,8.175337180788093,5767.8183139534885,0.916330417226508,0.6779084137471189,0,lanl,2,1024,1120,0,0.6954469401041666
EASY_USEREST,688,2724.0523255813955,451.5,11099.749999999998,29109.0,7.74362222294047,32.31383928571428,6093.106104651163,0.7174429735290321,0.6782106558663051,0,lanl,2,1024,1120,0,0.6954469401041666
EASY_ORACLE,688,2120.2703488372094,172.5,8044.95,21935.0,5.661395634208101,17.383235981308374,5489.324127906977,0.708957309589801,0.6782106558663051,0,lanl,2,1024,1120,0,0.6954469401041666
CONS_BF_USEREST,688,3982.8313953488373,1808.0,13504.749999999998,33737.0,13.122569879695707,80.72916666666666,7351.885174418605,0.6433240047848016,0.6782106558663051,0,lanl,2,1024,1120,0,0.6954469401041666
SRPT_ORACLE,688,1230.7543604651162,0.0,4142.749999999998,159372.0,1.119555896660807,1.4985604824486276,4599.808139534884,0.9615183177789501,0.6831332932825258,344,lanl,2,1024,1120,0,0.6954469401041666
PROACTIVE,688,2264.3866279069766,0.0,11272.749999999996,55963.0,6.414534804154189,11.44589390771623,5633.440406976744,0.8959228235738155,0.6779084137471189,0,lanl,2,1024,1120,0,0.6954469401041666
PROACTIVE_EST,688,1671.1017441860465,0.0,7710.499999999982,135106.0,3.5832063791999533,8.663793859649115,5040.155523255814,0.9032394677813208,0.672149642260671,0,lanl,2,1024,1120,0,0.6954469401041666
FCFS,770,1390.4532467532467,0.0,7783.049999999998,29526.0,6.240426671371971,26.96155223880596,4672.925974025974,0.8676161538771974,0.6660100183676775,0,lanl,3,1024,1295,0,0.6710598234953704
FIFO_STRICT,770,3602.9246753246753,1516.0,13672.249999999998,17576.0,16.37231662536271,100.67894144144138,6885.397402597403,0.6417229487537448,0.6660100183676775,0,lanl,3,1024,1295,0,0.6710598234953704
SJF_ORACLE,770,982.9467532467532,0.0,4657.799999999998,49363.0,3.886699864987063,14.316035856573693,4265.41948051948,0.908924747789994,0.6660100183676775,0,lanl,3,1024,1295,0,0.6710598234953704
SJF_USEREST,770,1119.5935064935065,0.0,5489.799999999999,43244.0,4.46452863291401,15.57901069518713,4402.066233766233,0.9078808600674723,0.6660100183676775,0,lanl,3,1024,1295,0,0.6710598234953704
HRRN_USEREST,770,1157.1896103896104,0.0,6599.199999999986,33433.0,4.935873249402191,18.48147660818707,4439.662337662337,0.8875768046569226,0.6660100183676775,0,lanl,3,1024,1295,0,0.6710598234953704
SMALLEST_FIRST,770,1444.312987012987,0.0,9129.599999999995,33746.0,6.798252077393221,27.360833333333225,4726.785714285715,0.8934392521546258,0.6660100183676775,0,lanl,3,1024,1295,0,0.6710598234953704
EASY_USEREST,770,2189.82987012987,0.0,9858.499999999998,21706.0,10.807722022796137,78.45386363636358,5472.302597402598,0.7524047962316606,0.6660100183676775,0,lanl,3,1024,1295,0,0.6710598234953704
EASY_ORACLE,770,1774.3116883116884,0.0,8730.149999999994,17779.0,6.397439539441875,30.63866498740549,5056.784415584416,0.7710254152750969,0.6660100183676775,0,lanl,3,1024,1295,0,0.6710598234953704
CONS_BF_USEREST,770,2839.6532467532465,166.5,12022.549999999997,19176.0,12.67853803931551,81.59333333333326,6122.125974025974,0.706604807049072,0.6660100183676775,0,lanl,3,1024,1295,0,0.6710598234953704
SRPT_ORACLE,770,546.248051948052,0.0,1756.0999999999954,42509.0,1.0477596692704365,1.2642991918781645,3828.720779220779,0.9642950559833381,0.6738455730910653,781,lanl,3,1024,1295,0,0.6710598234953704
PROACTIVE,770,1337.125974025974,0.0,8347.649999999994,33746.0,6.17219990740297,24.988333333333316,4619.598701298702,0.8965153623129103,0.6660100183676775,0,lanl,3,1024,1295,0,0.6710598234953704
PROACTIVE_EST,770,1385.2753246753248,0.0,8894.999999999984,38054.0,6.589410874733454,23.69999999999991,4667.748051948052,0.9010249013995281,0.6660100183676775,0,lanl,3,1024,1295,0,0.6710598234953704
FCFS,912,191.390350877193,0.0,546.0499999999994,20845.0,1.4496890162982883,2.1785971223021514,2044.6502192982457,0.9718389557750967,0.40345453954674076,0,lanl,4,1024,1558,0,0.4095782696759259
FIFO_STRICT,912,1285.0109649122808,0.0,12971.049999999992,18439.0,9.3902078006209,32.38347517730491,3138.2708333333335,0.9054560321173605,0.39799406285567757,0,lanl,4,1024,1558,0,0.4095782696759259
SJF_ORACLE,912,159.08223684210526,0.0,286.3499999999998,28054.0,1.2034976751032442,1.5885548523206743,2012.342105263158,0.9796329303214336,0.40045766104848146,0,lanl,4,1024,1558,0,0.4095782696759259
SJF_USEREST,912,170.41776315789474,0.0,355.6999999999996,20908.0,1.2857551733534105,1.8984193714555289,2023.6776315789473,0.9743019511689641,0.40331245590781184,0,lanl,4,1024,1558,0,0.4095782696759259
HRRN_USEREST,912,182.57236842105263,0.0,538.4499999999999,20908.0,1.40320492275994,2.069166666666659,2035.8322368421052,0.9720777408369037,0.40331245590781184,0,lanl,4,1024,1558,0,0.4095782696759259
SMALLEST_FIRST,912,194.01206140350877,0.0,369.34999999999843,23482.0,1.4382499490387008,1.839679726564967,2047.2719298245613,0.97724595566338,0.40210717422700676,0,lanl,4,1024,1558,0,0.4095782696759259
EASY_USEREST,912,344.56359649122805,0.0,1884.199999999999,21029.0,2.3126433107607824,8.116666666666598,2197.8234649122805,0.9335552318210002,0.4022740164694755,0,lanl,4,1024,1558,0,0.4095782696759259
EASY_ORACLE,912,315.0372807017544,0.0,1760.35,14860.0,1.75026932130108,3.5326186378349247,2168.2971491228072,0.9476227732504654,0.4001072132800876,0,lanl,4,1024,1558,0,0.4095782696759259
CONS_BF_USEREST,912,474.9638157894737,0.0,3499.7,21029.0,3.3339644180881116,8.756107660455472,2328.2236842105262,0.9233996939270495,0.4029175391075542,0,lanl,4,1024,1558,0,0.4095782696759259
SRPT_ORACLE,912,97.56359649122807,0.0,0.0,19639.0,1.0095167307680872,1.0,1950.8234649122808,0.9906061196676647,0.40196572864979274,290,lanl,4,1024,1558,0,0.4095782696759259
PROACTIVE,912,194.01206140350877,0.0,369.34999999999843,23482.0,1.4382499490387008,1.839679726564967,2047.2719298245613,0.97724595566338,0.40210717422700676,0,lanl,4,1024,1558,0,0.4095782696759259
PROACTIVE_EST,912,184.4188596491228,0.0,390.89999999999986,26370.0,1.3032659105255375,1.9857374100719385,2037.6787280701753,0.9745573223891526,0.40331245590781184,0,lanl,4,1024,1558,0,0.4095782696759259
FCFS,904,362.51106194690266,0.0,1433.9999999999964,28553.0,2.1320249438661403,4.592278336741179,2592.466814159292,0.962483301256804,0.4776641286091889,0,lanl,5,1024,1463,0,0.4819011863425926
FIFO_STRICT,904,1216.4004424778761,0.0,12051.849999999984,15154.0,7.712020451692026,27.072245841035105,3446.3561946902655,0.8829523296971654,0.4776641286091889,0,lanl,5,1024,1463,0,0.4819011863425926
SJF_ORACLE,904,310.7378318584071,0.0,643.9499999999994,34627.0,1.859776850830743,2.7394736842105147,2540.6935840707965,0.9752430937130926,0.4776641286091889,0,lanl,5,1024,1463,0,0.4819011863425926
SJF_USEREST,904,334.6449115044248,0.0,831.5999999999931,28553.0,2.0174146348165634,3.0170688225538806,2564.6006637168143,0.9726631117472122,0.4776641286091889,0,lanl,5,1024,1463,0,0.4819011863425926
HRRN_USEREST,904,335.228982300885,0.0,831.5999999999931,28553.0,2.0171633301417224,2.921987673989596,2565.184734513274,0.9721049760644914,0.4776641286091889,0,lanl,5,1024,1463,0,0.4819011863425926
SMALLEST_FIRST,904,338.56526548672565,0.0,744.4499999999985,28553.0,2.0955434796154897,2.830192307692298,2568.521017699115,0.9734797898194307,0.4776641286091889,0,lanl,5,1024,1463,0,0.4819011863425926
EASY_USEREST,904,554.8495575221239,0.0,3784.2499999999995,23681.0,3.3065801134050923,7.545505092385855,2784.8053097345132,0.9216715119069161,0.4776641286091889,0,lanl,5,1024,1463,0,0.4819011863425926
EASY_ORACLE,904,490.9944690265487,0.0,3252.449999999975,13831.0,2.406783296963849,4.08148907103825,2720.950221238938,0.916042452551154,0.4776641286091889,0,lanl,5,1024,1463,0,0.4819011863425926
CONS_BF_USEREST,904,666.7101769911504,0.0,5250.449999999997,16820.0,3.600152776708148,10.998844259188928,2896.6659292035397,0.9103004190040969,0.4776641286091889,0,lanl,5,1024,1463,0,0.4819011863425926
SRPT_ORACLE,904,227.1946902654867,0.0,335.6499999999992,22702.0,1.022917815053254,1.0662334155691109,2457.150442477876,0.9788972777605618,0.4816027161842178,462,lanl,5,1024,1463,0,0.4819011863425926
PROACTIVE,904,316.9845132743363,0.0,635.4999999999864,28553.0,1.956848263477518,2.611957513715139,2546.940265486726,0.9755497596987234,0.4776641286091889,0,lanl,5,1024,1463,0,0.4819011863425926
PROACTIVE_EST,904,324.2555309734513,0.0,715.6499999999992,28553.0,1.9948113619517902,2.8330238726790373,2554.211283185841,0.9749669236364401,0.4776641286091889,0,lanl,5,1024,1463,0,0.4819011863425926
FCFS,813,273.81426814268144,0.0,1499.5999999999992,12924.0,1.9929499279184855,2.952935323383082,2442.4046740467406,0.946925044671248,0.4313293774325685,0,lanl,6,1024,1251,0,0.4402075737847222
FIFO_STRICT,813,730.9126691266913,0.0,3840.5999999999995,6646.0,4.584960070999695,26.214893617021218,2899.50307503075,0.8021656265984435,0.4313293774325685,0,lanl,6,1024,1251,0,0.4402075737847222
SJF_ORACLE,813,219.5608856088561,0.0,1216.5999999999992,12625.0,1.6713351357694644,2.509942950285248,2388.151291512915,0.9514878829734836,0.4313293774325685,0,lanl,6,1024,1251,0,0.4402075737847222
SJF_USEREST,813,323.14514145141453,0.0,1287.1999999999975,24066.0,2.332885834565108,2.6540314136125587,2491.7355473554735,0.9606026615959168,0.4313293774325685,0,lanl,6,1024,1251,0,0.4402075737847222
HRRN_USEREST,813,300.34809348093484,0.0,1457.9999999999995,22793.0,2.14032623897835,2.2151991698508278,2468.938499384994,0.9558889147820642,0.4313293774325685,0,lanl,6,1024,1251,0,0.4402075737847222
SMALLEST_FIRST,813,311.3653136531365,0.0,1551.3999999999955,15849.0,2.1443804097847803,2.575230894186398,2479.9557195571956,0.9573027327808238,0.4313293774325685,0,lanl,6,1024,1251,0,0.4402075737847222
EASY_USEREST,813,426.75153751537516,0.0,3585.3999999999996,9824.0,2.801818090828632,5.896679605258118,2595.3419434194343,0.9024401880022939,0.4313293774325685,0,lanl,6,1024,1251,0,0.4402075737847222
EASY_ORACLE,813,268.19926199261994,0.0,2257.3999999999996,5108.0,1.6440625191694835,3.3886595776343724,2436.789667896679,0.9125212517362783,0.4313293774325685,0,lanl,6,1024,1251,0,0.4402075737847222
CONS_BF_USEREST,813,400.41082410824106,0.0,3244.5999999999985,8090.0,2.4718573559942882,5.83200833570143,2569.0012300123003,0.8950420159678445,0.4313293774325685,0,lanl,6,1024,1251,0,0.4402075737847222
SRPT_ORACLE,813,122.85116851168512,0.0,406.1999999999982,12739.0,1.0146345190607533,1.075520009838024,2291.441574415744,0.9668776719405794,0.4345635878514466,295,lanl,6,1024,1251,0,0.4402075737847222
PROACTIVE,813,281.14268142681425,0.0,1551.3999999999955,12924.0,2.0476147241494407,3.047821043910515,2449.7330873308733,0.9513166191166919,0.4313293774325685,0,lanl,6,1024,1251,0,0.4402075737847222
PROACTIVE_EST,813,322.1894218942189,0.0,1457.9999999999995,23675.0,2.258518163161171,2.9066666666666627,2490.779827798278,0.9578008014943096,0.4313293774325685,0,lanl,6,1024,1251,0,0.4402075737847222
FCFS,1064,736.9896616541354,0.0,3647.1499999999965,29881.0,3.576832297685924,11.259311299251044,3430.6296992481202,0.9160536865886368,0.6235197823408107,0,lanl,7,1024,1425,0,0.6313195529513889
FIFO_STRICT,1064,3698.2744360902257,898.0,15976.7,20590.0,17.89899716265185,88.11892857142855,6391.914473684211,0.6924342843296679,0.6233152900542227,0,lanl,7,1024,1425,0,0.6313195529513889
SJF_ORACLE,1064,1100.5375939849623,0.0,3101.9999999999873,310154.0,4.415146795259777,5.513101262303255,3794.1776315789475,0.9645555819843414,0.6188164524758439,0,lanl,7,1024,1425,0,0.6313195529513889
SJF_USEREST,1064,689.9511278195489,0.0,3620.6499999999955,25797.0,3.134355513260451,8.877497455675181,3383.591165413534,0.9214334195198011,0.6228121124980304,0,lanl,7,1024,1425,0,0.6313195529513889
HRRN_USEREST,1064,749.7612781954887,0.0,4134.949999999993,25797.0,3.4728445407812454,10.173729946524054,3443.4013157894738,0.9111784836295058,0.6228121124980304,0,lanl,7,1024,1425,0,0.6313195529513889
SMALLEST_FIRST,1064,779.3778195488721,0.0,4227.249999999998,25797.0,3.646612752299377,11.593643707482958,3473.0178571428573,0.9166289944646049,0.6228121124980304,0,lanl,7,1024,1425,0,0.6313195529513889
EASY_USEREST,1064,1428.6748120300751,0.0,8639.999999999998,21927.0,6.362692826400267,28.545416666666654,4122.31484962406,0.8253248367512779,0.6235454424124229,0,lanl,7,1024,1425,0,0.6313195529513889
EASY_ORACLE,1064,1409.9736842105262,0.0,8122.599999999993,20945.0,5.181947300704106,24.78664008506111,4103.613721804511,0.8182460650824508,0.6235454424124229,0,lanl,7,1024,1425,0,0.6313195529513889
CONS_BF_USEREST,1064,2026.156015037594,0.0,10211.25,24407.0,8.036799512780574,35.5164018952062,4719.796052631579,0.7814976413494459,0.6235454424124229,0,lanl,7,1024,1425,0,0.6313195529513889
SRPT_ORACLE,1064,374.0911654135338,0.0,384.94999999999936,53155.0,1.0294656701993334,1.0579509785552963,3067.7312030075186,0.976315554766882,0.6267240658369592,293,lanl,7,1024,1425,0,0.6313195529513889
PROACTIVE,1064,837.8392857142857,0.0,4391.799999999999,33729.0,4.108810820715791,11.627499999999987,3531.4793233082705,0.9157980772426859,0.6235197823408107,0,lanl,7,1024,1425,0,0.6313195529513889
PROACTIVE_EST,1064,855.6625939849624,0.0,4193.899999999999,63428.0,3.8822807442698615,9.191832075678008,3549.3026315789475,0.9260397090014764,0.6228121124980304,0,lanl,7,1024,1425,0,0.6313195529513889
FCFS,968,2099.311983471074,0.0,13609.999999999987,38844.0,6.610847206442807,24.44451219512195,5290.711776859504,0.8428332366105192,0.7433604949719301,0,lanl,8,1024,1337,0,0.7511029730902777
FIFO_STRICT,968,12131.620867768595,10256.5,30706.899999999998,38697.0,48.915833240007565,228.20863353093176,15323.020661157025,0.41838045745877156,0.7433604949719301,0,lanl,8,1024,1337,0,0.7511029730902777
SJF_ORACLE,968,1728.2954545454545,0.0,8579.349999999999,105376.0,3.540901161050916,14.503999999999996,4919.695247933884,0.9006886727129173,0.7433604949719301,0,lanl,8,1024,1337,0,0.7511029730902777
SJF_USEREST,968,2037.6332644628098,0.0,10430.849999999997,68507.0,5.615316948026475,16.734694955899684,5229.033057851239,0.8943644789837076,0.7433604949719301,0,lanl,8,1024,1337,0,0.7511029730902777
HRRN_USEREST,968,1926.7820247933885,0.0,11808.199999999993,40342.0,5.9044034976209065,24.488333333333333,5118.181818181818,0.8527812988627155,0.7433604949719301,0,lanl,8,1024,1337,0,0.7511029730902777
SMALLEST_FIRST,968,2857.0485537190084,0.0,22052.749999999964,56180.0,9.925987409958005,33.87916666666665,6048.448347107438,0.8833201614074174,0.7433604949719301,0,lanl,8,1024,1337,0,0.7511029730902777
EASY_USEREST,968,7581.2768595041325,3636.5,29346.1,39693.0,28.282054653563627,137.68566666666663,10772.676652892562,0.6278974155848924,0.7433604949719301,0,lanl,8,1024,1337,0,0.7511029730902777
EASY_ORACLE,968,3152.8677685950415,1007.0,14974.999999999993,26647.0,8.937851103422565,45.831770544783,6344.267561983471,0.6971026576154309,0.7433604949719301,0,lanl,8,1024,1337,0,0.7511029730902777
CONS_BF_USEREST,968,7906.0495867768595,6091.5,24939.549999999985,34419.0,29.69045104849518,151.4120149253731,11097.44938016529,0.5249367438995169,0.7433604949719301,0,lanl,8,1024,1337,0,0.7511029730902777
SRPT_ORACLE,968,721.0464876033058,0.0,3676.3999999999965,51042.0,1.0680644531554553,1.40509776891428,3912.4462809917354,0.9577203224951288,0.74913369746128,481,lanl,8,1024,1337,0,0.7511029730902777
PROACTIVE,968,2107.1456611570247,0.0,12613.0,40463.0,7.081607289796754,24.37075429087624,5298.545454545455,0.8594233678066108,0.7433604949719301,0,lanl,8,1024,1337,0,0.7511029730902777
PROACTIVE_EST,968,1913.969008264463,0.0,11620.3,46999.0,5.061433290103458,14.462043268407898,5105.368801652892,0.8885621025632146,0.7433604949719301,0,lanl,8,1024,1337,0,0.7511029730902777
FCFS,979,2229.1664964249235,0.0,13217.199999999992,47632.0,6.684209702095048,19.888333333333254,5089.178753830439,0.8676077249467021,0.7757279987273489,0,lanl,9,1024,1249,0,0.7802638527199074
FIFO_STRICT,979,9481.596527068437,9778.0,22282.7,30238.0,47.04418912782015,272.80166666666634,12341.608784473952,0.44420485579902597,0.7722508562771704,0,lanl,9,1024,1249,0,0.7802638527199074
SJF_ORACLE,979,1807.746680286006,0.0,9756.599999999995,99333.0,2.9958436213682242,7.36696411709158,4667.758937691522,0.9232178501869611,0.7717752185739488,0,lanl,9,1024,1249,0,0.7802638527199074
SJF_USEREST,979,1870.567926455567,0.0,10986.3,108130.0,2.6093523587662757,5.7518543137492255,4730.580183861082,0.9345111862910892,0.7712957541708331,0,lanl,9,1024,1249,0,0.7802638527199074
HRRN_USEREST,979,1537.1133810010215,0.0,10224.799999999952,52280.0,2.961006899333771,6.291875,4397.125638406537,0.9089377072017675,0.7757279987273489,0,lanl,9,1024,1249,0,0.7802638527199074
SMALLEST_FIRST,979,2530.82328907048,0.0,19407.299999999934,59614.0,4.2094815196239965,7.850330022455727,5390.835546475996,0.9211356346631863,0.7693487177863141,0,lanl,9,1024,1249,0,0.7802638527199074
EASY_USEREST,979,2688.868232890705,347.0,11905.799999999945,28760.0,10.675594520792332,64.73249999999999,5548.880490296221,0.7349493430453077,0.7740686160532314,0,lanl,9,1024,1249,0,0.7802638527199074
EASY_ORACLE,979,2530.2369765066396,363.0,11530.299999999985,25475.0,7.955235773824399,35.11999999999954,5390.249233912155,0.7317626183970989,0.7757279987273489,0,lanl,9,1024,1249,0,0.7802638527199074
CONS_BF_USEREST,979,3570.1430030643514,1161.0,14177.699999999984,28656.0,13.463774532894483,87.39822014051519,6430.155260469867,0.6773685985214973,0.7741272812508253,0,lanl,9,1024,1249,0,0.7802638527199074
SRPT_ORACLE,979,1420.1787538304393,0.0,3316.4999999999923,286667.0,1.1145811204280323,1.476957331536775,4280.191011235955,0.9740908088637161,0.7719143249387063,312,lanl,9,1024,1249,0,0.7802638527199074
PROACTIVE,979,1866.9427987742595,0.0,12880.899999999961,47632.0,4.1532037399159725,7.254247180027915,4726.955056179775,0.9090188071131614,0.7757279987273489,0,lanl,9,1024,1249,0,0.7802638527199074
PROACTIVE_EST,979,2596.9009193054135,0.0,8735.699999999977,195501.0,5.085096102921983,14.76749999999993,5456.913176710929,0.9262984203713881,0.7707719390263422,0,lanl,9,1024,1249,0,0.7802638527199074
FCFS,960,1178.053125,0.0,7268.15,31067.0,4.068086211667383,18.772769320843064,4471.195833333333,0.8959751974626805,0.773742799864468,0,lanl,10,1024,1320,0,0.8008363353587963
FIFO_STRICT,960,6285.960416666667,1326.0,30513.84999999999,39842.0,32.416278390162475,215.17427536231875,9579.103125,0.7233689373684721,0.7543692829964458,0,lanl,10,1024,1320,0,0.8008363353587963
SJF_ORACLE,960,718.8864583333333,0.0,3295.249999999999,100636.0,2.0767227452970136,5.0220202769535085,4012.0291666666667,0.9408384226448796,0.7679342629669995,0,lanl,10,1024,1320,0,0.8008363353587963
SJF_USEREST,960,991.7489583333333,0.0,4666.349999999992,104664.0,2.9104282814020053,8.730660298307338,4284.891666666666,0.9279058961581269,0.7645164928081004,0,lanl,10,1024,1320,0,0.8008363353587963
HRRN_USEREST,960,1067.0,0.0,5125.15,39138.0,3.2849144959855976,13.023070719602947,4360.142708333334,0.9210061268288555,0.7696837422272156,0,lanl,10,1024,1320,0,0.8008363353587963
SMALLEST_FIRST,960,1214.1708333333333,0.0,6141.099999999997,52148.0,3.3356202948295475,11.373333333333328,4507.313541666666,0.9322957435944512,0.7690267541773271,0,lanl,10,1024,1320,0,0.8008363353587963
EASY_USEREST,960,3829.539583333333,0.0,26304.299999999967,36704.0,17.345469163690463,73.13514525993881,7122.682291666667,0.8150823694491487,0.7536486817297083,0,lanl,10,1024,1320,0,0.8008363353587963
EASY_ORACLE,960,1395.603125,0.0,8015.1,28274.0,5.631641093936164,27.51706521739124,4688.745833333333,0.8442049685370995,0.7672113446328561,0,lanl,10,1024,1320,0,0.8008363353587963
CONS_BF_USEREST,960,3496.233333333333,0.0,19287.099999999988,33588.0,16.59846012529164,68.87409909909906,6789.376041666666,0.7985135217940896,0.7589025762250464,0,lanl,10,1024,1320,0,0.8008363353587963
SRPT_ORACLE,960,648.0666666666667,0.0,1614.0499999999936,86271.0,1.0509090012720743,1.1984814739825873,3941.209375,0.9687944799221188,0.7664442009118829,348,lanl,10,1024,1320,0,0.8008363353587963
PROACTIVE,960,1074.215625,0.0,4693.349999999998,35858.0,3.052867929873736,9.588466386554588,4367.358333333334,0.9274392182070186,0.7706215487996115,0,lanl,10,1024,1320,0,0.8008363353587963
PROACTIVE_EST,960,956.3333333333334,0.0,4258.999999999995,104314.0,2.8537090616346186,8.489244673539512,4249.476041666667,0.9352613175503951,0.7648122615221025,0,lanl,10,1024,1320,0,0.8008363353587963
FCFS,1434,15679.548814504882,3347.5,97837.74999999987,139107.0,49.031009311404546,199.3774603174601,18665.97140864714,0.7389744655837561,0.9050606735771114,0,lanl,11,1024,1971,0,0.958526294849537
FIFO_STRICT,1434,104206.09762900976,122945.5,146050.75,153349.0,726.959467730874,2278.0833333333335,107192.52022315202,0.1990309000257714,0.8213535907150189,0,lanl,11,1024,1971,0,0.958526294849537
SJF_ORACLE,1434,6783.997907949791,0.0,9783.149999999987,663889.0,4.142757948484619,14.496019973804815,9770.42050209205,0.9683352330560547,0.831932043177421,0,lanl,11,1024,1971,0,0.958526294849537
SJF_USEREST,1434,10144.589958158997,0.0,10526.399999999832,645293.0,9.738007680403108,32.398186063218255,13131.012552301256,0.9613814761159126,0.8346183183508521,0,lanl,11,1024,1971,0,0.958526294849537
HRRN_USEREST,1434,10019.076708507671,176.5,53681.69999999993,484024.0,16.334235642073526,48.50368852459011,13005.49930264993,0.9015122513340342,0.8712362844729188,0,lanl,11,1024,1971,0,0.958526294849537
SMALLEST_FIRST,1434,16566.89679218968,0.0,178799.89999999953,330398.0,31.246086553248556,45.672660697887935,19553.31938633194,0.9312215007146757,0.8304629488034415,0,lanl,11,1024,1971,0,0.958526294849537
EASY_USEREST,1434,35458.967921896794,27119.0,88112.65,116964.0,172.1801283395041,831.5991666666662,38445.39051603905,0.4207883725806116,0.8816239893438653,0,lanl,11,1024,1971,0,0.958526294849537
EASY_ORACLE,1434,19448.409344490934,11649.5,61615.05,83069.0,53.70335751544882,213.115833333333,22434.831938633193,0.5417846178096117,0.9190068720218741,0,lanl,11,1024,1971,0,0.958526294849537
CONS_BF_USEREST,1434,56895.3179916318,62234.0,109983.9,130303.0,274.13781657460726,1506.5016666666666,59881.74058577406,0.375124062924359,0.8530739179318564,0,lanl,11,1024,1971,0,0.958526294849537
SRPT_ORACLE,1434,4318.869595536959,0.0,12325.199999999992,608026.0,1.316818305181599,2.146166262559009,7305.292189679219,0.9696248977841332,0.8939128949327019,1405,lanl,11,1024,1971,0,0.958526294849537
PROACTIVE,1434,14685.778940027894,0.0,158025.55,283712.0,28.668081881230723,42.72693316614914,17672.20153417015,0.9250244661482264,0.8504711758067067,0,lanl,11,1024,1971,0,0.958526294849537
PROACTIVE_EST,1434,15311.325662482566,0.0,121493.5999999998,618887.0,29.192004523617882,47.37556451612896,18297.748256624825,0.9410805293012726,0.8403918997151564,0,lanl,11,1024,1971,0,0.958526294849537
FCFS,951,3873.3091482649843,0.0,20181.0,102143.0,13.52641447485786,90.41684605348989,7806.677181913775,0.8011358556613897,0.7422805488760578,0,lanl,12,1024,1379,0,0.7613624855324074
FIFO_STRICT,951,20647.358569926393,20725.0,41911.0,61743.0,114.07245487503192,543.625,24580.726603575185,0.3310544107516824,0.7422805488760578,0,lanl,12,1024,1379,0,0.7613624855324074
SJF_ORACLE,951,2934.1840168243953,0.0,18659.0,201696.0,5.016941171721156,15.608333333333334,6867.552050473186,0.9333760180746868,0.7422805488760578,0,lanl,12,1024,1379,0,0.7613624855324074
SJF_USEREST,951,3139.9348054679285,0.0,25018.0,62655.0,6.221427815433908,26.058333333333334,7073.302839116719,0.9032222579466004,0.7422805488760578,0,lanl,12,1024,1379,0,0.7613624855324074
HRRN_USEREST,951,2806.243953732913,0.0,20572.5,59939.0,6.585339247191381,22.388930348258704,6739.611987381703,0.8805158518987884,0.7422805488760578,0,lanl,12,1024,1379,0,0.7613624855324074
SMALLEST_FIRST,951,4146.277602523659,0.0,37921.5,124605.0,9.246528811010574,33.092505402902134,8079.64563617245,0.907076896960928,0.7422805488760578,0,lanl,12,1024,1379,0,0.7613624855324074
EASY_USEREST,951,9743.704521556256,6195.0,30937.0,98233.0,37.61550540576201,188.67826086956524,13677.072555205048,0.6077507908707821,0.7422805488760578,0,lanl,12,1024,1379,0,0.7613624855324074
EASY_ORACLE,951,4045.720294426919,1392.0,14880.5,61287.0,13.050547547752169,68.36228070175439,7979.08832807571,0.6695062294150841,0.7422805488760578,0,lanl,12,1024,1379,0,0.7613624855324074
CONS_BF_USEREST,951,15518.54468980021,13070.0,47396.5,94345.0,45.01204347503164,241.7888888888889,19451.912723449,0.5116568046755807,0.7422805488760578,0,lanl,12,1024,1379,0,0.7613624855324074
SRPT_ORACLE,951,1407.2660357518403,0.0,4966.0,401149.0,1.074535846356941,1.3783183122731,5340.634069400631,0.9703881241185257,0.74890284311524,682,lanl,12,1024,1379,0,0.7613624855324074
PROACTIVE,951,3775.7812828601473,0.0,34414.0,115972.0,9.0159756116518,38.131594202898555,7709.149316508938,0.9011956080730511,0.7422805488760578,0,lanl,12,1024,1379,0,0.7613624855324074
PROACTIVE_EST,951,3184.1062039957937,0.0,23839.5,81472.0,6.747756055848318,27.866666666666667,7117.474237644585,0.9108557900437876,0.7422805488760578,0,lanl,12,1024,1379,0,0.7613624855324074
FCFS,916,322.853711790393,0.0,1957.0,14717.0,2.0515681465155846,6.197794117647058,3794.6342794759826,0.9138304329486698,0.5429455685242465,0,lanl,13,1024,1400,0,0.5515893373842593
FIFO_STRICT,916,913.2521834061135,0.0,4130.0,9583.0,5.919099714647588,39.58883647798742,4385.032751091703,0.765941300585693,0.5399553004930797,0,lanl,13,1024,1400,0,0.5515893373842593
SJF_ORACLE,916,298.3220524017467,0.0,1438.25,23961.0,1.6524689747214432,2.887481138977161,3770.102620087336,0.953016769982473,0.5429455685242465,0,lanl,13,1024,1400,0,0.5515893373842593
SJF_USEREST,916,326.896288209607,0.0,1484.0,22342.0,1.7333460397279798,3.3751534872298623,3798.6768558951967,0.9471793484987466,0.5429455685242465,0,lanl,13,1024,1400,0,0.5515893373842593
HRRN_USEREST,916,312.8973799126638,0.0,1488.5,22342.0,1.6869357619670877,2.7535130795555762,3784.6779475982535,0.9475152635181509,0.5429455685242465,0,lanl,13,1024,1400,0,0.5515893373842593
SMALLEST_FIRST,916,332.43558951965065,0.0,1632.5,22342.0,1.7802000397211495,3.2135416666666665,3804.21615720524,0.9465354891633188,0.5429455685242465,0,lanl,13,1024,1400,0,0.5515893373842593
EASY_USEREST,916,478.5938864628821,0.0,3185.75,10029.0,2.7843368117959963,11.29378434065934,3950.3744541484716,0.8627132057281828,0.5429455685242465,0,lanl,13,1024,1400,0,0.5515893373842593
EASY_ORACLE,916,423.8569868995633,0.0,2934.75,9583.0,2.2345592274639534,8.153125694290157,3895.637554585153,0.865526946105023,0.5402362476293903,0,lanl,13,1024,1400,0,0.5515893373842593
CONS_BF_USEREST,916,530.2576419213974,0.0,3365.75,9513.0,3.0363924510276816,13.595833333333333,4002.038209606987,0.8387026332457794,0.5429455685242465,0,lanl,13,1024,1400,0,0.5515893373842593
SRPT_ORACLE,916,145.26965065502182,0.0,318.25,15191.0,1.0155294530782675,1.0370166000467753,3617.0502183406115,0.9710676415659931,0.5450792768563322,230,lanl,13,1024,1400,0,0.5515893373842593
PROACTIVE,916,340.1375545851528,0.0,1850.75,22342.0,1.8961592407618248,3.3751534872298623,3811.9181222707425,0.9408266290919121,0.5429455685242465,0,lanl,13,1024,1400,0,0.5515893373842593
PROACTIVE_EST,916,338.5480349344978,0.0,1748.0,22342.0,1.9133738047575188,3.3751534872298623,3810.328602620087,0.9419389710849185,0.5429455685242465,0,lanl,13,1024,1400,0,0.5515893373842593
FCFS,1173,6854.774083546462,826.0,32309.799999999974,77855.0,25.400877133545215,154.53333333333322,10633.228473998295,0.7498533579234318,0.7943122190576158,0,lanl,14,1024,1586,0,0.8250421730324075
FIFO_STRICT,1173,23748.89599317988,17413.0,54959.2,66329.0,116.33968395136722,701.9866666666641,27527.350383631714,0.44194529506196706,0.7726880837816422,0,lanl,14,1024,1586,0,0.8250421730324075
SJF_ORACLE,1173,3310.5737425404945,0.0,10427.999999999998,296263.0,4.197758122598301,17.99473684210523,7089.028132992327,0.9432998710366752,0.7790085388216678,0,lanl,14,1024,1586,0,0.8250421730324075
SJF_USEREST,1173,4714.803069053708,0.0,24117.199999999608,156384.0,9.037273214029844,33.340821167883206,8493.257459505541,0.9314808611246652,0.7760368810964988,0,lanl,14,1024,1586,0,0.8250421730324075
HRRN_USEREST,1173,4475.633418584825,0.0,21315.599999999973,130411.0,11.853906759670693,41.223333333333194,8254.087809036659,0.883430507960352,0.7854644035767215,0,lanl,14,1024,1586,0,0.8250421730324075
SMALLEST_FIRST,1173,4696.412617220802,0.0,27889.8,144843.0,8.925293336483662,27.054924829561767,8474.867007672634,0.9337447671108561,0.7795333072700232,0,lanl,14,1024,1586,0,0.8250421730324075
EASY_USEREST,1173,11202.98294970162,3626.0,40305.2,83741.0,38.3300751722368,192.78666666666592,14981.437340153452,0.6655801944435152,0.7766634134834864,0,lanl,14,1024,1586,0,0.8250421730324075
EASY_ORACLE,1173,7382.463768115942,3490.0,28776.79999999992,46546.0,18.521825241971477,98.7066666666664,11160.918158567774,0.6362095475080884,0.7998945619376029,0,lanl,14,1024,1586,0,0.8250421730324075
CONS_BF_USEREST,1173,13154.593350383631,7538.0,45338.39999999999,65076.0,47.22460837218658,212.97901639344232,16933.047740835464,0.5909799531262692,0.7766549515214708,0,lanl,14,1024,1586,0,0.8250421730324075
SRPT_ORACLE,1173,2596.772378516624,0.0,11307.199999999979,271509.0,1.224077633218594,2.046098871699334,6375.226768968457,0.9430588602181714,0.7942370488102515,1097,lanl,14,1024,1586,0,0.8250421730324075
PROACTIVE,1173,4655.739130434783,0.0,27889.8,143530.0,8.909596570801481,27.535333333333316,8434.193520886616,0.932120875288638,0.7799751373749619,0,lanl,14,1024,1586,0,0.8250421730324075
PROACTIVE_EST,1173,4756.46547314578,0.0,25229.4,153182.0,8.821840216499583,24.252697947213974,8534.919863597614,0.9311903761581953,0.7777268554078057,0,lanl,14,1024,1586,0,0.8250421730324075
FCFS,940,2131.5851063829787,0.0,14222.29999999999,37982.0,5.4273746676817405,16.893333333333324,5389.422340425532,0.8783532563271826,0.8344351271180203,0,lanl,15,1024,1340,0,0.8528593388310185
FIFO_STRICT,940,12667.317021276596,12146.5,24905.999999999996,30007.0,66.37626458876423,323.3974897773739,15925.154255319148,0.36263206597482617,0.8293047794696918,0,lanl,15,1024,1340,0,0.8528593388310185
SJF_ORACLE,940,1821.240425531915,0.0,7660.199999999998,189772.0,3.4834379496017958,8.261931615692456,5079.077659574468,0.9347780892745409,0.8268536433401333,0,lanl,15,1024,1340,0,0.8528593388310185
SJF_USEREST,940,2967.493617021277,0.0,27735.95,57240.0,4.300162755517054,14.462034947034923,6225.33085106383,0.9136147134880871,0.8281220674886408,0,lanl,15,1024,1340,0,0.8528593388310185
HRRN_USEREST,940,2018.9287234042554,0.0,13612.64999999999,41248.0,4.390020141002987,14.987380952380942,5276.765957446809,0.8765934155476074,0.8343944976333907,0,lanl,15,1024,1340,0,0.8528593388310185
SMALLEST_FIRST,940,4118.108510638298,0.0,37411.549999999996,72723.0,9.251144867501012,22.200917537746804,7375.945744680851,0.9042670978845467,0.8289922303473491,0,lanl,15,1024,1340,0,0.8528593388310185
EASY_USEREST,940,3961.4425531914894,743.0,17290.649999999983,40439.0,13.982987997480686,76.74292929292928,7219.2797872340425,0.7197392335485199,0.8283305909497125,0,lanl,15,1024,1340,0,0.8528593388310185
EASY_ORACLE,940,2949.0659574468086,475.0,11806.149999999996,19853.0,10.973791497498276,65.61120596205943,6206.903191489362,0.7034091519443888,0.8340006912557143,0,lanl,15,1024,1340,0,0.8528593388310185
CONS_BF_USEREST,940,6074.8340425531915,2925.0,23626.94999999998,33758.0,22.53593673912694,116.56777777777766,9332.671276595745,0.6407588184648919,0.8229502410093354,0,lanl,15,1024,1340,0,0.8528593388310185
SRPT_ORACLE,940,1022.3095744680851,0.0,5094.399999999977,80762.0,1.0799031828595018,1.3959931386347635,4280.146808510638,0.962855215570191,0.8360150641407813,639,lanl,15,1024,1340,0,0.8528593388310185
PROACTIVE,940,2175.937234042553,0.0,14522.34999999999,48948.0,4.5806134447842615,8.911663773817786,5433.7744680851065,0.9179027942013654,0.8289922303473491,0,lanl,15,1024,1340,0,0.8528593388310185
PROACTIVE_EST,940,3574.0308510638297,0.0,17509.0,359138.0,14.777808910998354,10.540833333333326,6831.868085106383,0.9448034056318807,0.8301961373320444,0,lanl,15,1024,1340,0,0.8528593388310185
FCFS,955,256.39895287958115,0.0,1724.2999999999913,11416.0,2.8052917662247254,2.2910670747658624,2996.7329842931936,0.9523281324840115,0.5810794234080957,0,lanl,16,1024,1492,0,0.5842457682291666
FIFO_STRICT,955,454.67329842931935,0.0,3021.8999999999996,7224.0,3.3386006765635603,14.978333333333326,3195.007329842932,0.863881249778214,0.5810794234080957,0,lanl,16,1024,1492,0,0.5842457682291666
SJF_ORACLE,955,191.05445026178012,0.0,1110.5999999999995,9121.0,2.56189315445201,1.7508365082839485,2931.3884816753925,0.9536652270676298,0.5810794234080957,0,lanl,16,1024,1492,0,0.5842457682291666
SJF_USEREST,955,238.78952879581152,0.0,1487.2999999999922,11372.0,2.638611110168888,2.2602804017996916,2979.123560209424,0.9532062931549629,0.5810794234080957,0,lanl,16,1024,1492,0,0.5842457682291666
HRRN_USEREST,955,239.80104712041884,0.0,1724.2999999999913,11372.0,2.637115159437459,2.3124979491386357,2980.1350785340314,0.9507833924808605,0.5810794234080957,0,lanl,16,1024,1492,0,0.5842457682291666
SMALLEST_FIRST,955,258.88795811518327,0.0,1724.2999999999913,11416.0,2.7908868129879516,2.2798879375488217,2999.221989528796,0.9521949238644037,0.5810794234080957,0,lanl,16,1024,1492,0,0.5842457682291666
EASY_USEREST,955,347.069109947644,0.0,2573.6999999999935,8672.0,3.1002543747305444,10.628636363636362,3087.4031413612565,0.9096162469254456,0.5810794234080957,0,lanl,16,1024,1492,0,0.5842457682291666
EASY_ORACLE,955,240.7717277486911,0.0,1763.199999999999,6226.0,2.187292804231297,5.404999999999991,2981.1057591623035,0.9189719642532633,0.5810794234080957,0,lanl,16,1024,1492,0,0.5842457682291666
CONS_BF_USEREST,955,348.1958115183246,0.0,2573.6999999999935,8672.0,3.0898633559826867,9.231752305665257,3088.5298429319373,0.9094287584284184,0.5810794234080957,0,lanl,16,1024,1492,0,0.5842457682291666
SRPT_ORACLE,955,90.42722513089005,0.0,313.7999999999979,10043.0,1.012085037139573,1.0298948312065734,2830.7612565445024,0.9745221796178067,0.5845220358854759,233,lanl,16,1024,1492,0,0.5842457682291666
PROACTIVE,955,201.88586387434555,0.0,1214.6,10048.0,2.6027692736362744,2.1411902207257953,2942.219895287958,0.9525255281121454,0.5810794234080957,0,lanl,16,1024,1492,0,0.5842457682291666
PROACTIVE_EST,955,209.56020942408378,0.0,1112.7999999999997,11889.0,2.6860767193859747,2.0358307312172315,2949.8942408376965,0.9547320419737642,0.5810794234080957,0,lanl,16,1024,1492,0,0.5842457682291666
FCFS,875,201.016,0.0,1187.3,14834.0,1.9546274385459754,6.119999999999982,2649.3931428571427,0.9474582329927236,0.5554839504520399,0,lanl,17,1024,1190,0,0.5283719618055556
FIFO_STRICT,875,687.8845714285715,0.0,3887.499999999999,14704.0,4.7416607741152115,24.268971631205666,3136.2617142857143,0.8598148384173614,0.5554839504520399,0,lanl,17,1024,1190,0,0.5283719618055556
SJF_ORACLE,875,192.67885714285714,0.0,1149.3999999999983,14834.0,1.8430169284134983,4.133056786639881,2641.056,0.9513254191387932,0.5554839504520399,0,lanl,17,1024,1190,0,0.5283719618055556
SJF_USEREST,875,197.904,0.0,1240.1999999999975,14834.0,1.9038194006859692,5.296032202415146,2646.2811428571426,0.9494488954446683,0.5554839504520399,0,lanl,17,1024,1190,0,0.5283719618055556
HRRN_USEREST,875,197.84114285714287,0.0,1198.0999999999983,14834.0,1.903392061896246,5.296032202415146,2646.2182857142857,0.9488326251447254,0.5554839504520399,0,lanl,17,1024,1190,0,0.5283719618055556
SMALLEST_FIRST,875,202.3177142857143,0.0,1285.4999999999989,14834.0,1.9873322350671598,6.119999999999982,2650.694857142857,0.948202440937511,0.5554839504520399,0,lanl,17,1024,1190,0,0.5283719618055556
EASY_USEREST,875,354.7234285714286,0.0,2630.2999999999993,9997.0,2.4165180343043695,7.768936742556904,2803.1005714285716,0.9168132901240449,0.5554839504520399,0,lanl,17,1024,1190,0,0.5283719618055556
EASY_ORACLE,875,349.4685714285714,0.0,2503.5999999999985,9997.0,2.2676944016671206,6.942543859649106,2797.845714285714,0.9101224305592864,0.5554839504520399,0,lanl,17,1024,1190,0,0.5283719618055556
CONS_BF_USEREST,875,357.47542857142855,0.0,2630.2999999999993,9997.0,2.442538572336255,8.229051896207547,2805.8525714285715,0.9151924849865519,0.5554839504520399,0,lanl,17,1024,1190,0,0.5283719618055556
SRPT_ORACLE,875,113.55314285714286,0.0,101.29999999999995,9151.0,1.0151811707077132,1.0153869825478459,2561.9302857142857,0.9769269934566284,0.5574004051932882,129,lanl,17,1024,1190,0,0.5283719618055556
PROACTIVE,875,224.2777142857143,0.0,1309.3,14834.0,2.235607926726372,6.64522614255268,2672.654857142857,0.947420284326793,0.5554839504520399,0,lanl,17,1024,1190,0,0.5283719618055556
PROACTIVE_EST,875,216.976,0.0,1307.6,14834.0,2.1159962645696737,6.458536585365845,2665.3531428571428,0.9483284870027946,0.5554839504520399,0,lanl,17,1024,1190,0,0.5283719618055556
FCFS,720,599.4958333333333,0.0,3698.199999999997,13578.0,2.61179455106789,10.753856209150307,3161.9444444444443,0.8678603812668721,0.5565944237465887,0,lanl,18,1024,1004,0,0.5559147858796296
FIFO_STRICT,720,2824.5,979.5,12433.249999999998,14791.0,17.732220687399707,110.94371584699444,5386.948611111111,0.679588444584314,0.5565944237465887,0,lanl,18,1024,1004,0,0.5559147858796296
SJF_ORACLE,720,430.1013888888889,0.0,2319.05,36654.0,1.8447041200302696,6.059635085620278,2992.55,0.9084958300099353,0.5565944237465887,0,lanl,18,1024,1004,0,0.5559147858796296
SJF_USEREST,720,498.9555555555556,0.0,3196.899999999999,14829.0,2.15932099879836,8.291666666666659,3061.4041666666667,0.8915912931704251,0.5565944237465887,0,lanl,18,1024,1004,0,0.5559147858796296
HRRN_USEREST,720,535.4444444444445,0.0,3314.099999999999,13346.0,2.3124041858424125,8.581230158730158,3097.8930555555557,0.8726798941112726,0.5565944237465887,0,lanl,18,1024,1004,0,0.5559147858796296
SMALLEST_FIRST,720,752.6083333333333,0.0,4937.449999999963,24273.0,2.9483958074063463,8.259999999999991,3315.0569444444445,0.9163760672246438,0.5565944237465887,0,lanl,18,1024,1004,0,0.5559147858796296
EASY_USEREST,720,999.5875,0.0,4907.15,10356.0,4.631506564703772,23.588333333333328,3562.036111111111,0.7903100827702538,0.5565944237465887,0,lanl,18,1024,1004,0,0.5559147858796296
EASY_ORACLE,720,685.2486111111111,0.0,4016.45,9473.0,2.588097249476897,10.602345318133091,3247.697222222222,0.8174341828943312,0.5565944237465887,0,lanl,18,1024,1004,0,0.5559147858796296
CONS_BF_USEREST,720,1107.1375,0.0,5278.2,11229.0,4.981500900054143,27.701666666666664,3669.586111111111,0.77712857586109,0.5565944237465887,0,lanl,18,1024,1004,0,0.5559147858796296
SRPT_ORACLE,720,333.04583333333335,0.0,790.549999999985,69686.0,1.0308061292068111,1.1219351350767424,2895.4944444444445,0.9733650076431662,0.5602360231532717,207,lanl,18,1024,1004,0,0.5559147858796296
PROACTIVE,720,719.3944444444444,0.0,4614.599999999995,17421.0,2.8097146796567065,10.733508771929824,3281.8430555555556,0.8845773816112489,0.5565944237465887,0,lanl,18,1024,1004,0,0.5559147858796296
PROACTIVE_EST,720,719.0597222222223,0.0,4489.599999999998,28115.0,2.781142984198382,8.458333333333325,3281.508333333333,0.8997205203254336,0.5565944237465887,0,lanl,18,1024,1004,0,0.5559147858796296
FCFS,707,1071.6195190947667,0.0,8321.999999999975,23684.0,2.695272990152084,5.13238548569782,5339.1768033946255,0.9104782134467071,0.680823852755251,0,lanl,19,1024,1000,0,0.6892072844328704
FIFO_STRICT,707,4328.794908062235,0.0,21488.09999999993,30907.0,14.642357521625426,63.49212086440942,8596.352192362094,0.7601897246055017,0.680823852755251,0,lanl,19,1024,1000,0,0.6892072844328704
SJF_ORACLE,707,606.7298444130128,0.0,3285.299999999991,63032.0,1.452256160344413,2.186229091633668,4874.287128712871,0.9383335571248727,0.680823852755251,0,lanl,19,1024,1000,0,0.6892072844328704
SJF_USEREST,707,1104.3776520509193,0.0,5958.0,51244.0,1.7123089606318909,3.429590140673757,5371.934936350778,0.944157299219552,0.680823852755251,0,lanl,19,1024,1000,0,0.6892072844328704
HRRN_USEREST,707,808.9009900990098,0.0,4467.699999999999,23684.0,1.9563131013660888,4.276421980124672,5076.4582743988685,0.913498593621994,0.680823852755251,0,lanl,19,1024,1000,0,0.6892072844328704
SMALLEST_FIRST,707,1319.2107496463932,0.0,6093.5,54902.0,1.7581647702228107,3.8530485789821447,5586.768033946252,0.9450712998632008,0.680823852755251,0,lanl,19,1024,1000,0,0.6892072844328704
EASY_USEREST,707,1666.7609618104668,0.0,11349.19999999996,43493.0,5.237661650785981,10.626121593291403,5934.318246110325,0.864515954795945,0.680823852755251,0,lanl,19,1024,1000,0,0.6892072844328704
EASY_ORACLE,707,1243.1669024045261,0.0,8203.4,25734.0,3.098640801444258,5.166666666666655,5510.724186704385,0.8591476504393698,0.680823852755251,0,lanl,19,1024,1000,0,0.6892072844328704
CONS_BF_USEREST,707,2108.222065063649,0.0,11575.099999999999,33463.0,6.530655499391184,20.09763052208829,6375.779349363508,0.8208790280933917,0.680823852755251,0,lanl,19,1024,1000,0,0.6892072844328704
SRPT_ORACLE,707,465.3719943422914,0.0,2520.699999999994,54392.0,1.037240422799414,1.2452174461327166,4732.92927864215,0.9626116593682061,0.6824209402393444,177,lanl,19,1024,1000,0,0.6892072844328704
PROACTIVE,707,1022.7454031117397,0.0,3953.199999999987,51244.0,1.602961331722156,3.7236600300870797,5290.3026874115985,0.9499191663274428,0.680823852755251,0,lanl,19,1024,1000,0,0.6892072844328704
PROACTIVE_EST,707,653.6152758132956,0.0,3683.4999999999995,38013.0,1.6347658922239985,2.972002419199939,4921.172560113154,0.9405256315267918,0.680823852755251,0,lanl,19,1024,1000,0,0.6892072844328704
FCFS,794,1246.8803526448362,0.0,8830.349999999988,26334.0,5.176127599411469,13.304999999999973,4746.724181360201,0.8978913997751538,0.7588315351337559,0,lanl,20,1024,1199,0,0.7572550274884259
FIFO_STRICT,794,4993.977329974811,3776.5,13752.699999999993,22373.0,29.43697671160464,154.73160852713173,8493.821158690176,0.5338915973317011,0.7588315351337559,0,lanl,20,1024,1199,0,0.7572550274884259
SJF_ORACLE,794,895.3765743073047,0.0,4246.9499999999825,83466.0,2.892899095478927,6.123190659613334,4395.22040302267,0.9260287900232914,0.7588315351337559,0,lanl,20,1024,1199,0,0.7572550274884259
SJF_USEREST,794,1135.7619647355164,0.0,6086.149999999985,36302.0,4.015195198475813,11.109772727272668,4635.605793450882,0.9190373878305936,0.7588315351337559,0,lanl,20,1024,1199,0,0.7572550274884259
HRRN_USEREST,794,995.0944584382871,0.0,7738.649999999945,18980.0,3.597585241718624,10.561882930519797,4494.938287153653,0.8946917012927067,0.7588315351337559,0,lanl,20,1024,1199,0,0.7572550274884259
SMALLEST_FIRST,794,1355.6146095717884,0.0,10122.799999999866,26334.0,5.735154451489676,11.056410677939512,4855.4584382871535,0.9128779842864357,0.7588315351337559,0,lanl,20,1024,1199,0,0.7572550274884259
EASY_USEREST,794,1792.235516372796,1.0,8002.349999999988,18002.0,8.8730788515723,51.170033783783694,5292.079345088161,0.7513494524098673,0.7588315351337559,0,lanl,20,1024,1199,0,0.7572550274884259
EASY_ORACLE,794,1257.875314861461,0.0,6590.349999999984,14567.0,5.761794932912269,33.038333333333284,4757.719143576826,0.7788008006185225,0.7588315351337559,0,lanl,20,1024,1199,0,0.7572550274884259
CONS_BF_USEREST,794,2364.765743073048,477.5,9154.7,20700.0,9.796101340358746,56.273521126760436,5864.609571788413,0.6963974532645584,0.7588315351337559,0,lanl,20,1024,1199,0,0.7572550274884259
SRPT_ORACLE,794,437.8727959697733,0.0,1559.0999999999449,40370.0,1.0399916848769133,1.1954946325912932,3937.7166246851384,0.9676791958569188,0.7622544449985792,311,lanl,20,1024,1199,0,0.7572550274884259
PROACTIVE,794,1274.5994962216625,0.0,9153.0,24851.0,7.820167442889563,24.723638309256227,4774.443324937028,0.8768132758637991,0.7588315351337559,0,lanl,20,1024,1199,0,0.7572550274884259
PROACTIVE_EST,794,1021.9596977329975,0.0,5668.549999999999,39167.0,3.4499788117766825,11.840530303030222,4521.803526448362,0.9216592947393831,0.7588315351337559,0,lanl,20,1024,1199,0,0.7572550274884259
