trace,reference,scheduler,metric,mean_wait_sched,mean_wait_ref,mean_diff,pct_vs_ref,cohens_dz,ttest_p,wilcoxon_p,ttest_p_holm,wilcoxon_p_holm,mean_bounded_slowdown_sched,mean_bounded_slowdown_ref
sdsc,PROACTIVE,CONS_BF_USEREST,mean_wait,12449.33183966191,8701.696149082267,3747.6356905796456,43.0678758068896,0.798282742232414,0.0020430746436975226,0.002712249755859375,0.012258447862185134,0.013561248779296875,,
sdsc,PROACTIVE,EASY_ORACLE,mean_wait,11024.666788161998,8701.696149082267,2322.970639079732,26.695607376783965,0.5546444601694185,0.02265415184172076,0.05316925048828125,0.06796245552516228,0.1063385009765625,,
sdsc,PROACTIVE,EASY_USEREST,mean_wait,11705.170880242451,8701.696149082267,3003.4747311601855,34.51596883760357,0.6315947041114746,0.010827493037017036,0.023950576782226562,0.04330997214806814,0.09580230712890625,,
sdsc,PROACTIVE,FCFS,mean_wait,10477.45336896466,8701.696149082267,1775.7572198823952,20.407023980832488,0.4875015227290521,0.04202514352903514,0.029575347900390625,0.08405028705807029,0.09580230712890625,,
sdsc,PROACTIVE,FIFO_STRICT,mean_wait,45308.47843492056,8701.696149082267,36606.78228583829,420.6855957582369,1.2937002383897707,1.4194730902953966e-05,1.9073486328125e-06,0.00014194730902953966,2.09808349609375e-05,,
sdsc,PROACTIVE,HRRN_USEREST,mean_wait,7578.2763226933475,8701.696149082267,-1123.4198263889161,-12.910354569291629,-0.8716380084882691,0.0009670330599218157,0.000624865006410599,0.007736264479374526,0.0037491900384635938,,
sdsc,PROACTIVE,PROACTIVE_EST,mean_wait,7497.492671520018,8701.696149082267,-1204.2034775622458,-13.838721289863107,-0.7178036564435939,0.004608463641019284,0.0001049041748046875,0.023042318205096418,0.0008392333984375,,
sdsc,PROACTIVE,SJF_ORACLE,mean_wait,6650.464388749965,8701.696149082267,-2051.231760332298,-23.572780814101783,-0.9878852798445881,0.0002954078480484837,5.7220458984375e-06,0.002658670632436353,5.14984130859375e-05,,
sdsc,PROACTIVE,SJF_USEREST,mean_wait,6946.289699633102,8701.696149082267,-1755.406449449162,-20.173152674772467,-0.8447853650965468,0.001272077812763624,0.0001318338889828333,0.008904544689345368,0.000922837222879833,,
sdsc,PROACTIVE,SMALLEST_FIRST,mean_wait,8697.251757691665,8701.696149082267,-4.444391390600299,-0.05107500094759147,-0.017661322321641044,0.9378714183170082,0.40804420568711997,0.9378714183170082,0.40804420568711997,,
sdsc,PROACTIVE,SRPT_ORACLE,mean_wait,3607.022747328494,8701.696149082267,-5094.67340175377,-58.548049879805156,-1.3649720631318032,7.200225455250355e-06,1.9073486328125e-06,7.92024800077539e-05,2.09808349609375e-05,,
sdsc,EASY_USEREST,CONS_BF_USEREST,mean_wait,12449.33183966191,11705.170880242451,744.1609594194605,6.3575403301079065,0.36723404137325266,0.11697143046801366,0.0176206611104818,0.17359558119298443,0.0704826444419272,,
sdsc,EASY_USEREST,EASY_ORACLE,mean_wait,11024.666788161998,11705.170880242451,-680.5040920804532,-5.813704891990076,-0.4513804083069374,0.05786519373099481,0.011236471025746899,0.17359558119298443,0.0561823551287345,,
sdsc,EASY_USEREST,FCFS,mean_wait,10477.45336896466,11705.170880242451,-1227.71751127779,-10.488676533121746,-0.4253612731053147,0.07240462883681466,0.069580078125,0.17359558119298443,0.07185173034667969,,
sdsc,EASY_USEREST,FIFO_STRICT,mean_wait,45308.47843492056,11705.170880242451,33603.30755467811,287.08087988188413,1.306336762323974,1.2573761072819692e-05,1.9073486328125e-06,0.00012628571340385852,2.09808349609375e-05,,
sdsc,EASY_USEREST,HRRN_USEREST,mean_wait,7578.2763226933475,11705.170880242451,-4126.894557549101,-35.25702101893295,-0.8168794989396438,0.0016907808091421955,0.001209259033203125,0.011835465663995369,0.008464813232421875,,
sdsc,EASY_USEREST,PROACTIVE,mean_wait,8701.696149082267,11705.170880242451,-3003.4747311601855,-25.659383890156196,-0.6315947041114746,0.010827493037017036,0.023950576782226562,0.05364365973150885,0.07185173034667969,,
sdsc,EASY_USEREST,PROACTIVE_EST,mean_wait,7497.492671520018,11705.170880242451,-4207.678208722432,-35.94717455876456,-0.7417041876158827,0.0036238126006142477,0.0072956085205078125,0.021742875603685485,0.043773651123046875,,
sdsc,EASY_USEREST,SJF_ORACLE,mean_wait,6650.464388749965,11705.170880242451,-5054.706491492484,-43.18353438158252,-0.8658580308270362,0.0010258400525562147,0.000133514404296875,0.009232560473005932,0.001201629638671875,,
sdsc,EASY_USEREST,SJF_USEREST,mean_wait,6946.289699633102,11705.170880242451,-4758.881180609349,-40.6562298773615,-0.8365943848979271,0.0013829553300410764,0.000850677490234375,0.011063642640328612,0.006805419921875,,
sdsc,EASY_USEREST,SMALLEST_FIRST,mean_wait,8697.251757691665,11705.170880242451,-3007.919122550786,-25.697353360538745,-0.6325330205688473,0.01072873194630177,0.03276824951171875,0.05364365973150885,0.07185173034667969,,
sdsc,EASY_USEREST,SRPT_ORACLE,mean_wait,3607.022747328494,11705.170880242451,-8098.148132913955,-69.184364891102,-1.3158425880764668,1.1480519400350775e-05,1.9073486328125e-06,0.00012628571340385852,2.09808349609375e-05,,
sdsc,PROACTIVE,CONS_BF_USEREST,mean_bounded_slowdown,,,22.051924676412202,119.27536715463019,0.8680289072652645,0.0010033458065813149,0.001209259033203125,0.009030112259231834,0.008464813232421875,40.540171832946875,18.48824715653467
sdsc,PROACTIVE,EASY_ORACLE,mean_bounded_slowdown,,,17.188009987778116,92.96722313506619,0.5735222586540124,0.018951210862878536,0.0042209625244140625,0.11370726517727121,0.025325775146484375,35.676257144312785,18.48824715653467
sdsc,PROACTIVE,EASY_USEREST,mean_bounded_slowdown,,,23.97727398392543,129.6892765491328,0.6982222927511448,0.005606011591574162,0.0004825592041015625,0.0448480927325933,0.0043430328369140625,42.4655211404601,18.48824715653467
sdsc,PROACTIVE,FCFS,mean_bounded_slowdown,,,16.19906317165503,87.618166473556,0.5630453440727062,0.020929338261870552,0.000850677490234375,0.11370726517727121,0.006805419921875,34.6873103281897,18.48824715653467
sdsc,PROACTIVE,FIFO_STRICT,mean_bounded_slowdown,,,263.04164490184195,1422.7505867632774,1.2466504648475316,2.2369471326437435e-05,1.9073486328125e-06,0.00022369471326437435,2.09808349609375e-05,281.52989205837673,18.48824715653467
sdsc,PROACTIVE,HRRN_USEREST,mean_bounded_slowdown,,,-1.6992979061496594,-9.19123317512035,-0.29000476409716536,0.21018096473560957,0.2942523956298828,0.36497191411246444,0.5885047912597656,16.788949250385013,18.48824715653467
sdsc,PROACTIVE,PROACTIVE_EST,mean_bounded_slowdown,,,-3.7815002386279324,-20.453535733328625,-0.5088694180267203,0.03462944942138399,0.005580902099609375,0.13851779768553596,0.027904510498046875,14.706746917906738,18.48824715653467
sdsc,PROACTIVE,SJF_ORACLE,mean_bounded_slowdown,,,-5.309142967902051,-28.716313249985603,-0.6404101084462479,0.009933055249698277,0.006389617919921875,0.06953138674788795,0.027904510498046875,13.179104188632618,18.48824715653467
sdsc,PROACTIVE,SJF_USEREST,mean_bounded_slowdown,,,-3.7855322983462436,-20.47534450559445,-0.4434935105459756,0.06196919911011644,0.04844093322753906,0.1859075973303493,0.1453227996826172,14.702714858188425,18.48824715653467
sdsc,PROACTIVE,SMALLEST_FIRST,mean_bounded_slowdown,,,0.5023469139731154,2.717114876926345,0.3094093286160489,0.18248595705623222,0.5861743444807836,0.36497191411246444,0.5885047912597656,18.990594070507786,18.48824715653467
sdsc,PROACTIVE,SRPT_ORACLE,mean_bounded_slowdown,,,-17.381692994024384,-94.01482383299287,-1.4662638549886988,2.806119801949577e-06,1.9073486328125e-06,3.086731782144535e-05,2.09808349609375e-05,1.1065541625102855,18.48824715653467
sdsc,EASY_USEREST,CONS_BF_USEREST,mean_bounded_slowdown,,,-1.9253493075132275,-4.533911879109856,-0.12702882587999464,0.5766265218699101,0.6790730414946473,0.5766265218699101,0.6790730414946473,40.540171832946875,42.4655211404601
sdsc,EASY_USEREST,EASY_ORACLE,mean_bounded_slowdown,,,-6.789263996147312,-15.987709119807949,-0.7672460154235178,0.0027994595573178718,0.001695889903397192,0.022395676458542974,0.005087669710191576,35.676257144312785,42.4655211404601
sdsc,EASY_USEREST,FCFS,mean_bounded_slowdown,,,-7.778210812270396,-18.316532102698037,-0.3553279679839189,0.12854540561353658,0.058258056640625,0.25709081122707317,0.11651611328125,34.6873103281897,42.4655211404601
sdsc,EASY_USEREST,FIFO_STRICT,mean_bounded_slowdown,,,239.06437091791653,562.9611140934331,1.2920160793248965,1.4426416153085537e-05,1.9073486328125e-06,0.0001586905776839409,2.09808349609375e-05,281.52989205837673,42.4655211404601
sdsc,EASY_USEREST,HRRN_USEREST,mean_bounded_slowdown,,,-25.67657189007509,-60.46451615452114,-0.7236709375921827,0.0043448976584665065,0.0003948211669921875,0.0232479794923512,0.0019741058349609375,16.788949250385013,42.4655211404601
sdsc,EASY_USEREST,PROACTIVE,mean_bounded_slowdown,,,-23.97727398392543,-56.46292177745224,-0.6982222927511448,0.005606011591574162,0.0004825592041015625,0.0232479794923512,0.0019741058349609375,18.48824715653467,42.4655211404601
sdsc,EASY_USEREST,PROACTIVE_EST,mean_bounded_slowdown,,,-27.75877422255336,-65.36779362894828,-0.7350609560821679,0.0038746632487252,8.20159912109375e-05,0.0232479794923512,0.0006561279296875,14.706746917906738,42.4655211404601
sdsc,EASY_USEREST,SJF_ORACLE,mean_bounded_slowdown,,,-29.286416951827476,-68.96516553973031,-0.8183075091575847,0.0016663635477165337,3.62396240234375e-05,0.014997271929448804,0.0003261566162109375,13.179104188632618,42.4655211404601
sdsc,EASY_USEREST,SJF_USEREST,mean_bounded_slowdown,,,-27.762806282271676,-65.37728853118904,-0.7617484642707048,0.0029596574284752484,0.000209808349609375,0.022395676458542974,0.001468658447265625,14.702714858188425,42.4655211404601
sdsc,EASY_USEREST,SMALLEST_FIRST,mean_bounded_slowdown,,,-23.474927069952315,-55.27996934808834,-0.6864576369375105,0.006303348887644503,0.0003223419189453125,0.0232479794923512,0.001934051513671875,18.990594070507786,42.4655211404601
sdsc,EASY_USEREST,SRPT_ORACLE,mean_bounded_slowdown,,,-41.35896697794981,-97.39422917041283,-1.0820212914331253,0.00011403266243353769,1.9073486328125e-06,0.001140326624335377,2.09808349609375e-05,1.1065541625102855,42.4655211404601
lanl,PROACTIVE,CONS_BF_USEREST,mean_wait,6815.033337057475,2229.3240321438557,4585.70930491362,205.69954115210965,0.4861201528871094,0.04254975736280157,1.9073486328125e-06,0.29784830153961095,2.09808349609375e-05,,
lanl,PROACTIVE,EASY_ORACLE,mean_wait,2758.8470633726306,2229.3240321438557,529.5230312287745,23.75262741502645,0.42254790289175903,0.07415623774560563,0.00485992431640625,0.3318791640749681,0.019439697265625,,
lanl,PROACTIVE,EASY_USEREST,mean_wait,4810.48605801774,2229.3240321438557,2581.162025873886,115.78227250309956,0.5421573879434745,0.02546573338330024,1.9073486328125e-06,0.24898696109640173,2.09808349609375e-05,,
lanl,PROACTIVE,FCFS,mean_wait,2329.1482761330662,2229.3240321438557,99.82424398920998,4.47778082279106,0.1615010077898902,0.4789340681812972,0.6476554870605469,0.9578681363625944,1.0,,
lanl,PROACTIVE,FIFO_STRICT,mean_wait,12343.719541058064,2229.3240321438557,10114.395508914207,453.6978637056893,0.5148320313004565,0.03279095923732486,1.9073486328125e-06,0.2623276738985989,2.09808349609375e-05,,
lanl,PROACTIVE,HRRN_USEREST,mean_wait,1771.8124708686748,2229.3240321438557,-457.5115612751812,-20.522434364788587,-0.43552859644445663,0.06637583281499362,0.000209808349609375,0.3318791640749681,0.00125885009765625,,
lanl,PROACTIVE,PROACTIVE_EST,mean_wait,2219.442479504783,2229.3240321438557,-9.881552639072776,-0.4432533134077447,-0.01941675795187842,0.9317117673576027,0.7841262817382812,0.9578681363625944,1.0,,
lanl,PROACTIVE,SJF_ORACLE,mean_wait,1380.4325198298225,2229.3240321438557,-848.8915123140335,-38.07842646803063,-0.459600913768,0.053848801876716146,4.76837158203125e-05,0.3230928112602969,0.0003337860107421875,,
lanl,PROACTIVE,SJF_USEREST,mean_wait,1889.184549944727,2229.3240321438557,-340.1394821991287,-15.257516507011747,-0.31068473756100573,0.1807728824235223,0.14290618896484375,0.5423186472705669,0.42871856689453125,,
lanl,PROACTIVE,SMALLEST_FIRST,mean_wait,2549.341513987956,2229.3240321438557,320.0174818441005,14.354911050609001,0.544568218627053,0.024898696109640173,0.002902103448847165,0.24898696109640173,0.014510517244235823,,
lanl,PROACTIVE,SRPT_ORACLE,mean_wait,878.3746746811527,2229.3240321438557,-1350.949357462703,-60.59905774054508,-0.5788737608936682,0.018010191132128157,1.9073486328125e-06,0.19811210245340974,2.09808349609375e-05,,
lanl,EASY_USEREST,CONS_BF_USEREST,mean_wait,6815.033337057475,4810.48605801774,2004.5472790397337,41.67036874992521,0.41605527353401195,0.07834192902299003,0.000133514404296875,0.23468173461557731,0.000133514404296875,,
lanl,EASY_USEREST,EASY_ORACLE,mean_wait,2758.8470633726306,4810.48605801774,-2051.638994645111,-42.64930757310065,-0.5448194221835868,0.0248402957243515,1.9073486328125e-06,0.23468173461557731,2.09808349609375e-05,,
lanl,EASY_USEREST,FCFS,mean_wait,2329.1482761330662,4810.48605801774,-2481.3377818846757,-51.58185164571836,-0.5523173222988881,0.0231550305815631,1.9073486328125e-06,0.23468173461557731,2.09808349609375e-05,,
lanl,EASY_USEREST,FIFO_STRICT,mean_wait,12343.719541058064,4810.48605801774,7533.233483040322,156.60025602786064,0.5001489068539988,0.037489872405307434,1.9073486328125e-06,0.23468173461557731,2.09808349609375e-05,,
lanl,EASY_USEREST,HRRN_USEREST,mean_wait,1771.8124708686748,4810.48605801774,-3038.673587149067,-63.16770385571422,-0.5295628854881291,0.028629037941264018,1.9073486328125e-06,0.23468173461557731,2.09808349609375e-05,,
lanl,EASY_USEREST,PROACTIVE,mean_wait,2229.3240321438557,4810.48605801774,-2581.162025873886,-53.6569900576223,-0.5421573879434745,0.02546573338330024,1.9073486328125e-06,0.23468173461557731,2.09808349609375e-05,,
lanl,EASY_USEREST,PROACTIVE_EST,mean_wait,2219.442479504783,4810.48605801774,-2591.043578512959,-53.86240698472478,-0.5519494314657379,0.023235157039653516,1.9073486328125e-06,0.23468173461557731,2.09808349609375e-05,,
lanl,EASY_USEREST,SJF_ORACLE,mean_wait,1380.4325198298225,4810.48605801774,-3430.0535381879185,-71.3036790216027,-0.5298701210184047,0.028547701852039274,1.9073486328125e-06,0.23468173461557731,2.09808349609375e-05,,
lanl,EASY_USEREST,SJF_USEREST,mean_wait,1889.184549944727,4810.48605801774,-2921.301508073014,-60.72778244942667,-0.5096017282002493,0.034398636812188646,1.9073486328125e-06,0.23468173461557731,2.09808349609375e-05,,
lanl,EASY_USEREST,SMALLEST_FIRST,mean_wait,2549.341513987956,4810.48605801774,-2261.144544029785,-47.00449220221908,-0.5125434959628616,0.03348566799610008,2.6702880859375e-05,0.23468173461557731,5.340576171875e-05,,
lanl,EASY_USEREST,SRPT_ORACLE,mean_wait,878.3746746811527,4810.48605801774,-3932.111383336588,-81.74041741131032,-0.5610140264383087,0.021334703146870665,1.9073486328125e-06,0.23468173461557731,2.09808349609375e-05,,
lanl,PROACTIVE,CONS_BF_USEREST,mean_bounded_slowdown,,,22.298971405806938,363.96986502780123,0.4134514266769086,0.08007810068584327,1.9073486328125e-06,0.569962370981217,2.09808349609375e-05,28.425569662534507,6.126598256727564
lanl,PROACTIVE,EASY_ORACLE,mean_bounded_slowdown,,,2.341643731364404,38.22094469460382,0.374409955494118,0.11043171748478388,0.06372261047363281,0.6038357978608104,0.25489044189453125,8.46824198809197,6.126598256727564
lanl,PROACTIVE,EASY_USEREST,mean_bounded_slowdown,,,14.42004048156104,235.3678155039221,0.4534190118801225,0.056844832358824454,1.9073486328125e-06,0.5116034912294201,2.09808349609375e-05,20.54663873828861,6.126598256727564
lanl,PROACTIVE,FCFS,mean_bounded_slowdown,,,2.086210261115558,34.05169024792361,0.3599621614285747,0.1239307410976927,0.2942523956298828,0.6038357978608104,0.5885047912597656,8.212808517843126,6.126598256727564
lanl,PROACTIVE,FIFO_STRICT,mean_bounded_slowdown,,,65.24875331111747,1065.007865326707,0.4272566247441737,0.07124529637265213,1.9073486328125e-06,0.569962370981217,2.09808349609375e-05,71.375351567845,6.126598256727564
lanl,PROACTIVE,HRRN_USEREST,mean_bounded_slowdown,,,-1.1420269104237117,-18.640473270295825,-0.38586518436254647,0.1006392996434684,0.017181396484375,0.6038357978608104,0.085906982421875,4.984571346303853,6.126598256727564
lanl,PROACTIVE,PROACTIVE_EST,mean_bounded_slowdown,,,-0.28831610874467417,-4.705973799213565,-0.09490753766670772,0.6760126550012768,0.40909767150878906,0.6760126550012768,0.5885047912597656,5.838282147982891,6.126598256727564
lanl,PROACTIVE,SJF_ORACLE,mean_bounded_slowdown,,,-3.321580726138685,-54.2157423573724,-0.5677156087423897,0.020024665540516833,2.6702880859375e-05,0.20024665540516834,0.000186920166015625,2.8050175305888807,6.126598256727564
lanl,PROACTIVE,SJF_USEREST,mean_bounded_slowdown,,,-1.6145432614491608,-26.353013430842232,-0.38031272133621163,0.10528851928009475,0.0072956085205078125,0.6038357978608104,0.043773651123046875,4.5120549952784055,6.126598256727564
lanl,PROACTIVE,SMALLEST_FIRST,mean_bounded_slowdown,,,0.4443391573622593,7.252624356009216,0.31459957951163137,0.17559511330533192,0.1474161990774467,0.6038357978608104,0.4422485972323401,6.570937414089824,6.126598256727564
lanl,PROACTIVE,SRPT_ORACLE,mean_bounded_slowdown,,,-5.05475515918915,-82.50508597717449,-0.7983971309131043,0.002040699747645671,1.9073486328125e-06,0.02244769722410238,2.09808349609375e-05,1.0718430975384154,6.126598256727564
lanl,EASY_USEREST,CONS_BF_USEREST,mean_bounded_slowdown,,,7.878930924245898,38.34656862664125,0.35009716774775024,0.13392657741856773,0.0001678466796875,0.4768333664762524,0.0001678466796875,28.425569662534507,20.54663873828861
lanl,EASY_USEREST,EASY_ORACLE,mean_bounded_slowdown,,,-12.078396750196639,-58.7852685008209,-0.4581312756995053,0.054547875481771355,1.9073486328125e-06,0.4768333664762524,2.09808349609375e-05,8.46824198809197,20.54663873828861
lanl,EASY_USEREST,FCFS,mean_bounded_slowdown,,,-12.333830220445483,-60.02845709970761,-0.4550801833721523,0.056025366776001,1.9073486328125e-06,0.4768333664762524,2.09808349609375e-05,8.212808517843126,20.54663873828861
lanl,EASY_USEREST,FIFO_STRICT,mean_bounded_slowdown,,,50.82871282955642,247.38213134023349,0.41897078697073936,0.07643728987277218,1.9073486328125e-06,0.4768333664762524,2.09808349609375e-05,71.375351567845,20.54663873828861
lanl,EASY_USEREST,HRRN_USEREST,mean_bounded_slowdown,,,-15.562067391984755,-75.74021030984927,-0.4538669270481046,0.056622819226752635,1.9073486328125e-06,0.4768333664762524,2.09808349609375e-05,4.984571346303853,20.54663873828861
lanl,EASY_USEREST,PROACTIVE,mean_bounded_slowdown,,,-14.42004048156104,-70.18199261317292,-0.4534190118801225,0.056844832358824454,1.9073486328125e-06,0.4768333664762524,2.09808349609375e-05,6.126598256727564,20.54663873828861
lanl,EASY_USEREST,PROACTIVE_EST,mean_bounded_slowdown,,,-14.708356590305721,-71.58522022824461,-0.46144833695434245,0.05298148516402804,1.33514404296875e-05,0.4768333664762524,2.6702880859375e-05,5.838282147982891,20.54663873828861
lanl,EASY_USEREST,SJF_ORACLE,mean_bounded_slowdown,,,-17.74162120769973,-86.34804667411737,-0.47797701165770795,0.04576565097861241,1.9073486328125e-06,0.4576565097861241,2.09808349609375e-05,2.8050175305888807,20.54663873828861
lanl,EASY_USEREST,SJF_USEREST,mean_bounded_slowdown,,,-16.034583743010202,-78.03993610463299,-0.44762311078249767,0.05978893833866514,3.814697265625e-06,0.4768333664762524,2.09808349609375e-05,4.5120549952784055,20.54663873828861
lanl,EASY_USEREST,SMALLEST_FIRST,mean_bounded_slowdown,,,-13.97570132419878,-68.01940454695928,-0.4473536107768169,0.059929100729750336,1.9073486328125e-06,0.4768333664762524,2.09808349609375e-05,6.570937414089824,20.54663873828861
lanl,EASY_USEREST,SRPT_ORACLE,mean_bounded_slowdown,,,-19.474795640750195,-94.78336524435484,-0.51827954000236,0.03176955048332848,1.9073486328125e-06,0.3494650553166133,2.09808349609375e-05,1.0718430975384154,20.54663873828861
